,0,1,2,3,4,5,6,7,8,9,10,11,12,13,14,15,16,17,18,19,20,21,22,23,24,25,26,27,28,29,30,31,32,33,34,35,36,37,38,39,40,41,42,43,44,45,46,47,48,49,50,51,52,53,54,55,56,57,58,59,60,61,62,63,64,65,66,67,68,69,70,71,72,73,74,75,76,77,78,79,80,81,82,83,84,85,86,87,88,89,90,91,92,93,94,95,96,97,98,99,100,101,102,103,104,105,106,107,108,109,110,111,112,113,114,115,116,117,118,119,120,121,122,123,124,125,126,127,128,129,130,131,132,133,134,135,136,137,138,139,140,141,142,143,144,145,146,147,148,149,150,151,152,153,154,155,156,157,158,159,160,161,162,163,164,165,166,167,168,169,170,171,172,173,174,175,176,177,178,179,180,181,182,183,184,185,186,187,188,189,190,191,192,193,194,195,196,197,198,199,200,201,202,203,204,205,206,207,208,209,210,211,212,213,214,215,216,217,218,219,220,221,222,223,224,225,226,227,228
SOH,1.0,0.9999996999999999,0.999999,0.9999976999999999,0.9999959,0.9999937,0.9999909,0.9999879999999999,0.999984,0.99998,0.999975,0.99997,0.999964,0.999958,0.999951,0.999944,0.999936,0.999928,0.999919,0.9999100000000001,0.9999,0.99989,0.9998790000000001,0.999868,0.999856,0.9998440000000001,0.9998309999999999,0.999818,0.9998040000000001,0.99979,0.999775,0.99976,0.9997440000000001,0.9997280000000001,0.999711,0.9996940000000001,0.999676,0.999658,0.9996389999999999,0.9996200000000001,0.9996,0.9995799999999999,0.999559,0.9995379999999999,0.999516,0.9994940000000001,0.9994709999999999,0.999448,0.999424,0.9994,0.999375,0.999324,0.9992709999999999,0.999216,0.999159,0.9991,0.9990389999999999,0.998976,0.9989110000000001,0.9988440000000001,0.998775,0.998704,0.9986309999999999,0.998556,0.9984790000000001,0.9984,0.9983190000000001,0.998236,0.998151,0.998064,0.997975,0.997884,0.997791,0.9976959999999999,0.997599,0.9975,0.9973989999999999,0.997296,0.9971909999999999,0.997084,0.996975,0.996864,0.996751,0.9966360000000001,0.996519,0.9964,0.9961559999999999,0.9959040000000001,0.9956440000000001,0.995376,0.9951,0.994816,0.994524,0.994224,0.993916,0.9936,0.993276,0.992944,0.992604,0.9922559999999999,0.9919,0.9915360000000001,0.9911639999999999,0.990784,0.9903959999999999,0.99,0.9895959999999999,0.9891840000000001,0.988764,0.9883360000000001,0.9879,0.987456,0.9870040000000001,0.9865440000000001,0.9860760000000001,0.9856,0.985116,0.9846239999999999,0.984124,0.9836159999999999,0.9831,0.982576,0.982044,0.981504,0.9809559999999999,0.9804,0.978975,0.9775,0.975975,0.9744,0.972775,0.9711,0.969375,0.9676,0.965775,0.9639,0.961975,0.96,0.957975,0.9559,0.953775,0.9516,0.949375,0.9471,0.944775,0.9424,0.939975,0.9375,0.934975,0.9324,0.929775,0.9271,0.924375,0.9216,0.918775,0.9159,0.912975,0.91,0.9039,0.8976,0.8911,0.8844,0.8775,0.8704,0.8631,0.8556,0.8479,0.84,0.8319,0.8236,0.8151,0.8064,0.7975,0.7884,0.7791,0.7696,0.7599,0.75,0.7399,0.7296,0.7191,0.7084,0.6975,0.6864,0.6751,0.6636,0.6519,0.64,0.6279,0.6156,0.6031,0.5904,0.5775,0.5644,0.5511,0.5376,0.5239,0.51,0.4959,0.4816,0.4671,0.4524,0.4375,0.4224,0.4071,0.3916,0.3759,0.36,0.3439,0.3276,0.3111,0.2944,0.2775,0.2604,0.2431,0.2256,0.2079,0.19,0.1719,0.1536,0.1351,0.1164,0.0975,0.0784,0.0591,0.0396,0.0199,0.009975,0.0
SOH_lower_limit,0.9999998999999999,0.9999994000000001,0.9999984000000001,0.9999969000000001,0.9999949,0.9999924000000001,0.9999889999999999,0.999986,0.9999819999999999,0.999977,0.999972,0.999967,0.9999610000000001,0.9999540000000001,0.9999469999999999,0.9999399999999999,0.9999319999999999,0.999923,0.999914,0.9999049999999999,0.9998950000000001,0.999884,0.999873,0.999862,0.99985,0.9998370000000001,0.9998239999999999,0.999811,0.9997969999999999,0.999782,0.999767,0.9997520000000001,0.9997360000000001,0.999719,0.9997020000000001,0.999685,0.999667,0.999648,0.9996290000000001,0.99961,0.99959,0.999569,0.999548,0.999527,0.999505,0.999482,0.999459,0.9994360000000001,0.9994120000000001,0.999387,0.99935,0.9992979999999999,0.999244,0.999188,0.99913,0.9990700000000001,0.999008,0.998944,0.998878,0.9988100000000001,0.99874,0.998668,0.9985940000000001,0.998518,0.99844,0.99836,0.9982780000000001,0.998194,0.998108,0.99802,0.9979299999999999,0.9978379999999999,0.9977440000000001,0.997648,0.99755,0.99745,0.9973479999999999,0.997244,0.997138,0.99703,0.99692,0.996808,0.9966940000000001,0.9965780000000001,0.99646,0.9962790000000001,0.996031,0.995775,0.995511,0.995239,0.994959,0.9946709999999999,0.994375,0.9940709999999999,0.9937590000000001,0.993439,0.9931110000000001,0.992775,0.992431,0.992079,0.991719,0.991351,0.990975,0.990591,0.9901989999999999,0.989799,0.989391,0.988975,0.9885510000000001,0.9881190000000001,0.9876790000000001,0.987231,0.986775,0.986311,0.9858389999999999,0.985359,0.9848709999999999,0.984375,0.9838709999999999,0.983359,0.9828389999999999,0.982311,0.981775,0.981231,0.9806790000000001,0.9796940000000001,0.978244,0.9767440000000001,0.975194,0.9735940000000001,0.971944,0.9702440000000001,0.9684940000000001,0.966694,0.964844,0.962944,0.960994,0.958994,0.956944,0.954844,0.952694,0.9504940000000001,0.9482440000000001,0.945944,0.943594,0.9411940000000001,0.938744,0.9362440000000001,0.933694,0.9310940000000001,0.928444,0.925744,0.9229940000000001,0.9201940000000001,0.917344,0.914444,0.911494,0.906975,0.900775,0.894375,0.887775,0.880975,0.873975,0.866775,0.859375,0.851775,0.843975,0.835975,0.827775,0.819375,0.810775,0.801975,0.792975,0.783775,0.774375,0.764775,0.754975,0.744975,0.734775,0.724375,0.713775,0.702975,0.691975,0.680775,0.669375,0.657775,0.645975,0.633975,0.621775,0.609375,0.596775,0.583975,0.570975,0.557775,0.544375,0.530775,0.516975,0.502975,0.488775,0.474375,0.459775,0.444975,0.429975,0.414775,0.399375,0.383775,0.367975,0.351975,0.335775,0.319375,0.302775,0.285975,0.268975,0.251775,0.234375,0.216775,0.198975,0.180975,0.162775,0.144375,0.125775,0.106975,0.087975,0.068775,0.049375,0.029775,0.014943999999999999,0.004994,0.0
soc_000,9.242040000000001e-05,9.21209e-05,9.14258e-05,9.0149e-05,8.84113e-05,8.63349e-05,8.37673e-05,8.11962e-05,7.779520000000001e-05,7.45597e-05,7.0742e-05,6.71676e-05,6.31843e-05,5.95162e-05,5.56066e-05,5.2062600000000005e-05,4.84168e-05,4.5156000000000006e-05,4.18924e-05,3.90021e-05,3.61673e-05,3.36716e-05,3.12581e-05,2.91382e-05,2.71068e-05,2.5321599999999998e-05,2.36202e-05,2.2121399999999998e-05,2.06969e-05,1.94374e-05,1.8241700000000002e-05,1.718e-05,1.61719e-05,1.52726e-05,1.44181e-05,1.36522e-05,1.29236e-05,1.22676e-05,1.16426e-05,1.10774e-05,1.05381e-05,1.00483e-05,9.58022e-06,9.15341e-06,8.7449e-06,8.37101e-06,8.0126e-06,7.68342e-06,7.367410000000001e-06,7.07622e-06,6.796280000000001e-06,6.28845e-06,5.83504e-06,5.42861e-06,5.06296e-06,4.73285e-06,4.43386e-06,4.16221e-06,3.9147e-06,3.68855e-06,3.48139e-06,3.2911699999999995e-06,3.11608e-06,2.95457e-06,2.8052800000000004e-06,2.6670099999999995e-06,2.53869e-06,2.41941e-06,2.30833e-06,2.20472e-06,2.10792e-06,2.0173599999999997e-06,1.9325e-06,1.8528900000000002e-06,1.7780900000000003e-06,1.70772e-06,1.6414500000000002e-06,1.5789600000000002e-06,1.51998e-06,1.46423e-06,1.41149e-06,1.36156e-06,1.31422e-06,1.26931e-06,1.22666e-06,1.18613e-06,1.11086e-06,1.0425399999999998e-06,9.803230000000002e-07,9.23517e-07,8.71508e-07,8.23771e-07,7.798510000000001e-07,7.393510000000001e-07,7.01926e-07,6.67273e-07,6.351230000000001e-07,6.05241e-07,5.7742e-07,5.51474e-07,5.27238e-07,5.04565e-07,4.83324e-07,4.63396e-07,4.44676e-07,4.27068e-07,4.10485e-07,3.9484900000000004e-07,3.8009e-07,3.66144e-07,3.5295099999999997e-07,3.40458e-07,3.2861800000000004e-07,3.17384e-07,3.0671600000000003e-07,2.96578e-07,2.86934e-07,2.7775300000000004e-07,2.69005e-07,2.6066500000000004e-07,2.5270600000000004e-07,2.45107e-07,2.3784500000000002e-07,2.3090099999999998e-07,2.24257e-07,2.17895e-07,2.03127e-07,1.89811e-07,1.77763e-07,1.6682600000000001e-07,1.56869e-07,1.47777e-07,1.39453e-07,1.31814e-07,1.2478500000000002e-07,1.1830399999999999e-07,1.1231500000000001e-07,1.06769e-07,1.01624e-07,9.68427e-08,9.23908e-08,8.823889999999998e-08,8.43608e-08,8.07328e-08,7.733389999999999e-08,7.414519999999999e-08,7.11498e-08,6.83322e-08,6.56788e-08,6.3177e-08,6.08155e-08,5.85839e-08,5.64729e-08,5.4474099999999994e-08,5.2579400000000006e-08,5.0782e-08,4.90752e-08,4.7453e-08,4.44409e-08,4.1706699999999995e-08,3.92173e-08,3.69443e-08,3.48634e-08,3.29534e-08,3.11962e-08,2.95759e-08,2.80787e-08,2.6692299999999998e-08,2.54061e-08,2.42107e-08,2.30977e-08,2.20597e-08,2.10902e-08,2.01832e-08,1.93335e-08,1.8536299999999998e-08,1.77875e-08,1.7083099999999997e-08,1.64197e-08,1.57943e-08,1.52039e-08,1.4646e-08,1.41182e-08,1.36185e-08,1.3144899999999999e-08,1.26955e-08,1.22688e-08,1.1863200000000001e-08,1.14775e-08,1.11102e-08,1.0760299999999998e-08,1.04267e-08,1.0108299999999998e-08,9.80433e-09,9.51385e-09,9.23609e-09,8.97032e-09,8.71585e-09,8.472059999999999e-09,8.23836e-09,8.0142e-09,7.79906e-09,7.59247e-09,7.39399e-09,7.20318e-09,7.01967e-09,6.84308e-09,6.6730699999999996e-09,6.509319999999999e-09,6.3515299999999995e-09,6.199399999999999e-09,6.05267e-09,5.9111e-09,5.774430000000001e-09,5.64245e-09,5.514939999999999e-09,5.391699999999999e-09,5.27255e-09,5.157310000000001e-09,5.0458e-09,4.93787e-09,4.83337e-09,4.73215e-09,4.63408e-09,4.53902e-09,4.44686e-09,4.35748e-09,4.3138000000000006e-09,4.27077e-09
soc_010,0.000158157,0.00015785700000000002,0.00015716,0.000155874,0.00015411,0.000151982,0.000149319,0.000146612,0.000142964,0.000139417,0.000135121,0.000130977,0.000126202,0.00012163899999999999,0.000116574,0.000111779,0.000106615,0.000101775,9.66925e-05,9.19715e-05,8.71193e-05,8.2649e-05,7.81347e-05,7.400399999999999e-05,6.989170000000001e-05,6.61478e-05,6.2462e-05,5.91175e-05,5.58524e-05,5.28947e-05,5.0024799999999996e-05,4.74259e-05,4.4914700000000006e-05,4.26389e-05,4.0446e-05,3.84556e-05,3.65408e-05,3.4799200000000004e-05,3.31252e-05,3.15989e-05,3.01321e-05,2.87913e-05,2.75025e-05,2.6321199999999998e-05,2.51853e-05,2.41412e-05,2.3136399999999998e-05,2.22104e-05,2.13187e-05,2.04947e-05,1.97004e-05,1.82547e-05,1.69589e-05,1.57935e-05,1.4742200000000001e-05,1.3790799999999998e-05,1.29274e-05,1.2141700000000001e-05,1.14248e-05,1.0768900000000001e-05,1.01675e-05,9.61466e-06,9.10545e-06,8.635410000000001e-06,8.20065e-06,7.79776e-06,7.423710000000001e-06,7.0758399999999995e-06,6.75177e-06,6.44939e-06,6.1668200000000005e-06,5.90236e-06,5.65452e-06,5.42193e-06,5.20337e-06,4.99773e-06,4.8040300000000005e-06,4.62135e-06,4.44889e-06,4.28588e-06,4.13166e-06,3.9856099999999994e-06,3.84716e-06,3.7157900000000002e-06,3.59103e-06,3.4724400000000002e-06,3.2522199999999997e-06,3.0522900000000006e-06,2.8702299999999996e-06,2.70397e-06,2.55175e-06,2.41202e-06,2.2834599999999996e-06,2.1649000000000002e-06,2.0553400000000003e-06,1.95389e-06,1.85977e-06,1.77229e-06,1.69083e-06,1.61487e-06,1.5439e-06,1.4775200000000002e-06,1.4153299999999998e-06,1.3569799999999998e-06,1.3021600000000002e-06,1.2506e-06,1.20205e-06,1.15626e-06,1.11305e-06,1.07221e-06,1.0335799999999998e-06,9.96996e-07,9.62324e-07,9.294280000000001e-07,8.981910000000001e-07,8.68503e-07,8.40262e-07,8.13377e-07,7.87762e-07,7.63338e-07,7.40032e-07,7.17778e-07,6.96512e-07,6.76178e-07,6.56721e-07,6.38093e-07,5.94846e-07,5.55852e-07,5.2057e-07,4.88543e-07,4.59383e-07,4.32759e-07,4.08383e-07,3.8601100000000003e-07,3.6542700000000003e-07,3.46448e-07,3.28909e-07,3.12669e-07,2.97603e-07,2.8359999999999997e-07,2.70563e-07,2.5840499999999996e-07,2.47048e-07,2.36423e-07,2.2647e-07,2.1713200000000001e-07,2.0836e-07,2.0010899999999998e-07,1.9233799999999998e-07,1.8501200000000002e-07,1.78096e-07,1.7156099999999998e-07,1.6537900000000001e-07,1.59526e-07,1.53977e-07,1.48714e-07,1.43715e-07,1.38965e-07,1.30144e-07,1.22137e-07,1.14847e-07,1.0819e-07,1.02096e-07,9.650319999999998e-08,9.13573e-08,8.66123e-08,8.22276e-08,7.816760000000001e-08,7.440110000000001e-08,7.090030000000001e-08,6.7641e-08,6.46013e-08,6.17621e-08,5.91059e-08,5.66176e-08,5.4283099999999996e-08,5.209e-08,5.0027300000000005e-08,4.80847e-08,4.6253000000000004e-08,4.4524099999999994e-08,4.2890300000000005e-08,4.1344900000000005e-08,3.98814e-08,3.84944e-08,3.7178400000000006e-08,3.59288e-08,3.47412e-08,3.3611400000000004e-08,3.25359e-08,3.15113e-08,3.05342e-08,2.9601900000000004e-08,2.8711700000000003e-08,2.7860999999999997e-08,2.70476e-08,2.6269299999999998e-08,2.55241e-08,2.48102e-08,2.4125799999999996e-08,2.3469400000000002e-08,2.2839299999999997e-08,2.22343e-08,2.1653099999999998e-08,2.10943e-08,2.05569e-08,2.00398e-08,1.9541900000000002e-08,1.90624e-08,1.8600299999999997e-08,1.81548e-08,1.7725099999999997e-08,1.73105e-08,1.6910199999999998e-08,1.65237e-08,1.61503e-08,1.5789400000000002e-08,1.54405e-08,1.5103e-08,1.4776499999999998e-08,1.44604e-08,1.41544e-08,1.3857999999999999e-08,1.3570799999999999e-08,1.32924e-08,1.30225e-08,1.2760799999999998e-08,1.2632799999999999e-08,1.25068e-08
soc_020,0.00019803,0.00019773,0.000197033,0.00019574299999999999,0.00019397200000000002,0.00019183,0.000189139,0.000186393,0.000182675,0.000179037,0.00017460200000000002,0.00017029,0.00016527599999999998,0.000160435,0.000155002,0.000149796,0.000144115,0.000138713,0.000132955,0.000127522,0.000121847,0.00011653,0.00011107100000000001,0.00010599100000000001,0.000100851,9.6095e-05,9.13399e-05,8.69608e-05,8.2625e-05,7.86449e-05,7.47347e-05,7.11525e-05,6.7654e-05,6.445189999999999e-05,6.13382e-05,5.84885e-05,5.5726099999999995e-05,5.3196000000000004e-05,5.07486e-05,4.85042e-05,4.63361e-05,4.43446e-05,4.24221e-05,4.06529e-05,3.89454e-05,3.73709e-05,3.58512e-05,3.44468e-05,3.3091e-05,3.18353e-05,3.06225e-05,2.84089e-05,2.64184e-05,2.46235e-05,2.30005e-05,2.1529099999999997e-05,2.01916e-05,1.89726e-05,1.7859e-05,1.68392e-05,1.59033e-05,1.50423e-05,1.42487e-05,1.35157e-05,1.28373e-05,1.22084e-05,1.16243e-05,1.1080799999999999e-05,1.05744e-05,1.01017e-05,9.6599e-06,9.24631e-06,8.85863e-06,8.49473e-06,8.15273e-06,7.83091e-06,7.52772e-06,7.2417600000000004e-06,6.97175e-06,6.71653e-06,6.47504e-06,6.24631e-06,6.02948e-06,5.8237199999999995e-06,5.628300000000001e-06,5.44254e-06,5.09754e-06,4.7843e-06,4.49904e-06,4.23853e-06,3.99999e-06,3.7810199999999996e-06,3.57954e-06,3.3937300000000006e-06,3.22202e-06,3.06301e-06,2.91548e-06,2.77836e-06,2.6506799999999998e-06,2.5316e-06,2.42037e-06,2.3163099999999996e-06,2.21882e-06,2.12735e-06,2.04143e-06,1.9606e-06,1.8844799999999998e-06,1.8127099999999999e-06,1.7449599999999998e-06,1.6809400000000001e-06,1.6203799999999998e-06,1.56304e-06,1.50868e-06,1.45711e-06,1.40814e-06,1.3616e-06,1.31733e-06,1.27518e-06,1.2350200000000002e-06,1.1967299999999999e-06,1.1601899999999999e-06,1.1253e-06,1.0919700000000001e-06,1.06009e-06,1.02958e-06,1.00038e-06,9.32581e-07,8.71447e-07,8.16134e-07,7.65924e-07,7.202089999999999e-07,6.78468e-07,6.40253e-07,6.05178e-07,5.72908e-07,5.43152e-07,5.15656e-07,4.90196e-07,4.6657600000000003e-07,4.44622e-07,4.24183e-07,4.05121e-07,3.87316e-07,3.70659e-07,3.55054e-07,3.40415e-07,3.2666200000000004e-07,3.13726e-07,3.01544e-07,2.90058e-07,2.79215e-07,2.6897e-07,2.5927800000000003e-07,2.50101e-07,2.41402e-07,2.3315000000000002e-07,2.25314e-07,2.17866e-07,2.0403700000000002e-07,1.91484e-07,1.80054e-07,1.69619e-07,1.60065e-07,1.51296e-07,1.4322800000000002e-07,1.35789e-07,1.28915e-07,1.2255e-07,1.1664400000000001e-07,1.11156e-07,1.06046e-07,1.01281e-07,9.68293e-08,9.266510000000001e-08,8.87639e-08,8.510389999999999e-08,8.16657e-08,7.84318e-08,7.53862e-08,7.25146e-08,6.980400000000001e-08,6.724260000000001e-08,6.48196e-08,6.25253e-08,6.035069999999999e-08,5.82876e-08,5.63285e-08,5.44665e-08,5.26954e-08,5.1009199999999995e-08,4.94027e-08,4.7871e-08,4.64093e-08,4.50136e-08,4.3680000000000005e-08,4.240469999999999e-08,4.11845e-08,4.00162e-08,3.88969e-08,3.7824e-08,3.67948e-08,3.5807099999999996e-08,3.48586e-08,3.39473e-08,3.3071199999999996e-08,3.22287e-08,3.1418e-08,3.06374e-08,2.98856e-08,2.9161099999999998e-08,2.8462700000000002e-08,2.7789e-08,2.7139000000000002e-08,2.65116e-08,2.59056e-08,2.5320200000000002e-08,2.4754400000000003e-08,2.42073e-08,2.36782e-08,2.31663e-08,2.26708e-08,2.2191e-08,2.17263e-08,2.1276e-08,2.0839599999999998e-08,2.04164e-08,2.00061e-08,1.98055e-08,1.9607900000000004e-08
soc_030,0.000218505,0.00021820599999999998,0.000217508,0.00021621700000000002,0.00021444400000000002,0.00021229599999999997,0.000209595,0.000206835,0.00020309,0.00019941900000000002,0.000194931,0.000190555,0.000185451,0.000180505,0.000174932,0.000169567,0.000163685,0.00015806200000000002,0.000152036,0.000146315,0.000140301,0.000134632,0.000128771,0.00012328100000000001,0.00011768799999999999,0.00011247799999999999,0.000107235,0.00010237399999999999,9.753120000000001e-05,9.305870000000001e-05,8.86393e-05,8.45683e-05,8.05718e-05,7.68962e-05,7.33059e-05,7.00061e-05,6.67948e-05,6.38431e-05,6.09782e-05,5.8343e-05,5.57901e-05,5.34391e-05,5.11642e-05,4.9066099999999994e-05,4.70373e-05,4.51629e-05,4.33509e-05,4.16738e-05,4.0052399999999996e-05,3.85488e-05,3.70948e-05,3.44369e-05,3.20424e-05,2.988e-05,2.79221e-05,2.6145e-05,2.45281e-05,2.3053299999999998e-05,2.1705e-05,2.04695e-05,1.9335e-05,1.8290899999999998e-05,1.73281e-05,1.64385e-05,1.5615e-05,1.4851300000000001e-05,1.41418e-05,1.3481500000000001e-05,1.2866199999999999e-05,1.2291700000000001e-05,1.17547e-05,1.12519e-05,1.07805e-05,1.0338e-05,9.922139999999999e-06,9.53075e-06,9.161989999999999e-06,8.81415e-06,8.48569e-06,8.1752e-06,7.8814e-06,7.60312e-06,7.3392899999999995e-06,7.08893e-06,6.851139999999999e-06,6.6251e-06,6.205269999999999e-06,5.82406e-06,5.4768799999999995e-06,5.15981e-06,4.86948e-06,4.6029500000000005e-06,4.35771e-06,4.13154e-06,3.92252e-06,3.7289599999999995e-06,3.5493699999999994e-06,3.38245e-06,3.2270299999999997e-06,3.08207e-06,2.94666e-06,2.81998e-06,2.7013e-06,2.58995e-06,2.48534e-06,2.3869400000000002e-06,2.29428e-06,2.2069e-06,2.12442e-06,2.04648e-06,1.9727599999999997e-06,1.90294e-06,1.8367700000000002e-06,1.77398e-06,1.71437e-06,1.6577e-06,1.6038e-06,1.55249e-06,1.5036e-06,1.4569799999999999e-06,1.4125e-06,1.3700299999999998e-06,1.32944e-06,1.29063e-06,1.2534899999999999e-06,1.21794e-06,1.1353900000000001e-06,1.0609700000000001e-06,9.936230000000001e-07,9.324949999999999e-07,8.76838e-07,8.26019e-07,7.79494e-07,7.36791e-07,6.97503e-07,6.61276e-07,6.278e-07,5.96803e-07,5.68046e-07,5.41319e-07,5.16434e-07,4.93227e-07,4.71549e-07,4.5126999999999994e-07,4.3227200000000005e-07,4.14448e-07,3.97705e-07,3.81956e-07,3.67124e-07,3.5314e-07,3.39939e-07,3.27466e-07,3.15666e-07,3.04493e-07,2.93903e-07,2.83856e-07,2.74315e-07,2.65247e-07,2.48411e-07,2.33128e-07,2.19213e-07,2.06508e-07,1.94876e-07,1.8420000000000002e-07,1.74377e-07,1.65321e-07,1.5695100000000001e-07,1.49202e-07,1.42012e-07,1.3532999999999998e-07,1.29109e-07,1.23307e-07,1.17888e-07,1.1281800000000001e-07,1.0806800000000001e-07,1.03612e-07,9.942639999999999e-08,9.548919999999999e-08,9.17812e-08,8.828510000000002e-08,8.4985e-08,8.186659999999999e-08,7.89167e-08,7.61234e-08,7.34758e-08,7.0964e-08,6.857880000000001e-08,6.631189999999999e-08,6.41556e-08,6.21027e-08,6.01469e-08,5.8282e-08,5.65025e-08,5.4803199999999995e-08,5.3179499999999997e-08,5.1626900000000004e-08,5.014130000000001e-08,4.8719e-08,4.735630000000001e-08,4.60499e-08,4.4796899999999995e-08,4.35944e-08,4.243959999999999e-08,4.13301e-08,4.0263599999999994e-08,3.92378e-08,3.8250800000000005e-08,3.73005e-08,3.63851e-08,3.5503099999999996e-08,3.46528e-08,3.38326e-08,3.3041199999999995e-08,3.2277299999999995e-08,3.1539599999999995e-08,3.08268e-08,3.0137999999999995e-08,2.9472e-08,2.8827799999999998e-08,2.8204500000000003e-08,2.76012e-08,2.70171e-08,2.64513e-08,2.5903099999999996e-08,2.5371799999999996e-08,2.4856599999999997e-08,2.4357e-08,2.41128e-08,2.3872299999999997e-08
soc_040,0.000226049,0.00022574900000000002,0.00022505099999999998,0.00022376099999999997,0.000221986,0.00021983700000000002,0.000217132,0.000214367,0.00021061400000000003,0.000206932,0.000202427,0.000198031,0.000192898,0.000187918,0.00018229900000000002,0.000176882,0.00017093400000000003,0.000165238,0.000159123,0.00015330700000000001,0.00014718,0.000141392,0.000135396,0.000129767,0.000124019,0.00011865299999999999,0.00011323899999999999,0.00010821,0.00010318899999999999,9.85419e-05,9.39406e-05,8.9694e-05,8.55174e-05,8.16695e-05,7.790479999999999e-05,7.44394e-05,7.10621e-05,6.79538e-05,6.49332e-05,6.21517e-05,5.94541e-05,5.69676e-05,5.45594e-05,5.2336599999999996e-05,5.01855e-05,4.8196800000000006e-05,4.62731e-05,4.44915e-05,4.2768199999999995e-05,4.1169300000000006e-05,3.96225e-05,3.67932e-05,3.42425e-05,3.1937600000000004e-05,2.98496e-05,2.79537e-05,2.6228e-05,2.46535e-05,2.32136e-05,2.1893899999999997e-05,2.06818e-05,1.95661e-05,1.85371e-05,1.7586199999999998e-05,1.67058e-05,1.58893e-05,1.5130599999999999e-05,1.44246e-05,1.3766500000000001e-05,1.31521e-05,1.25778e-05,1.204e-05,1.1535799999999999e-05,1.10624e-05,1.06175e-05,1.01988e-05,9.8043e-06,9.43216e-06,9.080750000000001e-06,8.74855e-06,8.43421e-06,8.136460000000001e-06,7.85417e-06,7.586289999999999e-06,7.331849999999999e-06,7.08998e-06,6.640739999999999e-06,6.2328199999999996e-06,5.86131e-06,5.52202e-06,5.211319999999999e-06,4.9261e-06,4.66366e-06,4.42162e-06,4.19794e-06,3.99079e-06,3.7986099999999998e-06,3.6199699999999997e-06,3.4536400000000005e-06,3.2985000000000003e-06,3.1535900000000003e-06,3.0180200000000003e-06,2.8910000000000004e-06,2.77183e-06,2.65988e-06,2.55458e-06,2.45541e-06,2.3618999999999998e-06,2.27363e-06,2.19021e-06,2.11131e-06,2.0365900000000003e-06,1.96577e-06,1.89858e-06,1.83477e-06,1.7741299999999999e-06,1.71645e-06,1.6615299999999999e-06,1.6092099999999998e-06,1.5593200000000002e-06,1.51171e-06,1.46625e-06,1.42281e-06,1.3812799999999999e-06,1.34153e-06,1.3034799999999998e-06,1.2151399999999999e-06,1.1354799999999998e-06,1.0634100000000001e-06,9.9799e-07,9.38425e-07,8.84037e-07,8.34243e-07,7.88541e-07,7.46494e-07,7.07723e-07,6.718949999999999e-07,6.387210000000001e-07,6.07944e-07,5.793399999999999e-07,5.52707e-07,5.2787e-07,5.0467e-07,4.82967e-07,4.6263399999999996e-07,4.4355800000000003e-07,4.2563899999999996e-07,4.08783e-07,3.9291e-07,3.77943e-07,3.63816e-07,3.50466e-07,3.37838e-07,3.2588e-07,3.14546e-07,3.03793e-07,2.93582e-07,2.8387799999999997e-07,2.65859e-07,2.49502e-07,2.3460999999999998e-07,2.21012e-07,2.0856400000000001e-07,1.97138e-07,1.8662600000000002e-07,1.76932e-07,1.67975e-07,1.5968099999999999e-07,1.51987e-07,1.44836e-07,1.38178e-07,1.31968e-07,1.26168e-07,1.2074199999999998e-07,1.1565899999999999e-07,1.1089000000000001e-07,1.0640999999999998e-07,1.02196e-07,9.82278e-08,9.448610000000001e-08,9.095419999999999e-08,8.76168e-08,8.445969999999999e-08,8.14702e-08,7.86367e-08,7.59484e-08,7.33957e-08,7.09696e-08,6.86618e-08,6.64647e-08,6.43715e-08,6.237560000000001e-08,6.04711e-08,5.8652499999999995e-08,5.6914800000000006e-08,5.5253100000000004e-08,5.36632e-08,5.2140900000000005e-08,5.06825e-08,4.92844e-08,4.79434e-08,4.66564e-08,4.54205e-08,4.4233099999999995e-08,4.3091699999999997e-08,4.199380000000001e-08,4.0937400000000006e-08,3.9920400000000005e-08,3.89408e-08,3.79968e-08,3.70867e-08,3.6209e-08,3.5362e-08,3.4544399999999997e-08,3.37549e-08,3.29921e-08,3.22548e-08,3.1542e-08,3.0852599999999997e-08,3.01856e-08,2.95399e-08,2.89147e-08,2.83092e-08,2.7722500000000002e-08,2.7153800000000002e-08,2.66025e-08,2.60678e-08,2.58065e-08,2.55491e-08
soc_050,0.000227127,0.000226827,0.00022612900000000002,0.000224838,0.000223064,0.000220914,0.00021820900000000002,0.000215443,0.000211689,0.000208005,0.00020349799999999998,0.00019909900000000003,0.000193962,0.000188977,0.00018335200000000002,0.000177928,0.00017197099999999998,0.00016626599999999998,0.000160138,0.000154308,0.000148166,0.00014236200000000002,0.00013634700000000001,0.000130698,0.00012492799999999998,0.00011954,0.00011410299999999999,0.00010905100000000001,0.000104004,9.93323e-05,9.47053e-05,9.04338e-05,8.62316e-05,8.23592e-05,7.856970000000001e-05,7.50807e-05,7.167979999999999e-05,6.8549e-05,6.55061e-05,6.27036e-05,5.9985299999999996e-05,5.7479300000000004e-05,5.5051899999999994e-05,5.28111e-05,5.0642399999999995e-05,4.86372e-05,4.66974e-05,4.4900699999999995e-05,4.3162700000000006e-05,4.155e-05,3.99898e-05,3.7135700000000004e-05,3.45624e-05,3.2236799999999996e-05,3.013e-05,2.8216799999999997e-05,2.64753e-05,2.4886300000000003e-05,2.34331e-05,2.2101199999999998e-05,2.0877800000000002e-05,1.97517e-05,1.8713e-05,1.7753199999999998e-05,1.68646e-05,1.60404e-05,1.52746e-05,1.45619e-05,1.38976e-05,1.32774e-05,1.26976e-05,1.21547e-05,1.16457e-05,1.11679e-05,1.0718800000000001e-05,1.02961e-05,9.89783e-06,9.52215e-06,9.1674e-06,8.832039999999999e-06,8.51471e-06,8.21413e-06,7.92915e-06,7.65871e-06,7.401849999999999e-06,7.15767e-06,6.70415e-06,6.29234e-06,5.91729e-06,5.57476e-06,5.2611e-06,4.97316e-06,4.70821e-06,4.4638599999999995e-06,4.23804e-06,4.02892e-06,3.8349e-06,3.6545599999999994e-06,3.48664e-06,3.3300199999999996e-06,3.1837200000000002e-06,3.0468599999999997e-06,2.91863e-06,2.79832e-06,2.6853e-06,2.57899e-06,2.47887e-06,2.3844700000000002e-06,2.29535e-06,2.21114e-06,2.13148e-06,2.05605e-06,1.98455e-06,1.91672e-06,1.8523099999999999e-06,1.79109e-06,1.73285e-06,1.6774099999999999e-06,1.62459e-06,1.57422e-06,1.52616e-06,1.48027e-06,1.43641e-06,1.3944799999999998e-06,1.35435e-06,1.31594e-06,1.22675e-06,1.14634e-06,1.0735799999999998e-06,1.0075299999999999e-06,9.47393e-07,8.92486e-07,8.42216e-07,7.96078e-07,7.536289999999999e-07,7.144870000000001e-07,6.78317e-07,6.44826e-07,6.13755e-07,5.84877e-07,5.5799e-07,5.32915e-07,5.09493e-07,4.87583e-07,4.67055e-07,4.47797e-07,4.29707e-07,4.1268999999999997e-07,3.96665e-07,3.81556e-07,3.6729300000000003e-07,3.5381599999999997e-07,3.4106699999999994e-07,3.28995e-07,3.17552e-07,3.06697e-07,2.96388e-07,2.86591e-07,2.684e-07,2.51887e-07,2.3685199999999998e-07,2.23125e-07,2.1055700000000002e-07,1.99022e-07,1.88409e-07,1.7862300000000002e-07,1.6958100000000001e-07,1.61208e-07,1.5344e-07,1.4622e-07,1.39498e-07,1.33229e-07,1.2737399999999999e-07,1.21896e-07,1.1676399999999999e-07,1.1195e-07,1.0742699999999999e-07,1.03173e-07,9.916660000000001e-08,9.538919999999999e-08,9.18235e-08,8.845410000000001e-08,8.526689999999999e-08,8.22488e-08,7.93882e-08,7.66743e-08,7.40972e-08,7.164789999999999e-08,6.9318e-08,6.71e-08,6.49867e-08,6.29718e-08,6.10491e-08,5.92131e-08,5.74587e-08,5.578119999999999e-08,5.41761e-08,5.2639199999999997e-08,5.11669e-08,4.97555e-08,4.84016e-08,4.7102300000000003e-08,4.5854599999999994e-08,4.4655899999999994e-08,4.3503499999999996e-08,4.2395199999999994e-08,4.1328699999999996e-08,4.03019e-08,3.9312999999999996e-08,3.836e-08,3.7441199999999995e-08,3.6555e-08,3.5699999999999995e-08,3.48746e-08,3.40775e-08,3.3307400000000003e-08,3.25631e-08,3.1843499999999997e-08,3.11475e-08,3.0474e-08,2.98222e-08,2.91911e-08,2.85798e-08,2.79874e-08,2.74134e-08,2.68568e-08,2.6316900000000005e-08,2.6053099999999997e-08,2.57932e-08
soc_060,0.00022820400000000003,0.00022790400000000002,0.00022720599999999998,0.000225916,0.000224141,0.000221991,0.000219286,0.000216519,0.00021276400000000002,0.000209079,0.000204569,0.000200168,0.00019502599999999997,0.000190037,0.000184406,0.000178975,0.000173009,0.000167293,0.00016115299999999998,0.00015531,0.00014915299999999999,0.000143332,0.000137299,0.000131631,0.00012583899999999999,0.000120429,0.00011496899999999999,0.00010989200000000001,0.000104821,0.00010012399999999999,9.54718e-05,9.117540000000001e-05,8.69477e-05,8.305090000000001e-05,7.923649999999999e-05,7.57239e-05,7.22993e-05,6.91461e-05,6.6081e-05,6.32574e-05,6.05184e-05,5.79928e-05,5.55462e-05,5.32874e-05,5.11011e-05,4.9079399999999996e-05,4.7123400000000004e-05,4.53116e-05,4.35588e-05,4.19324e-05,4.03587e-05,3.74796e-05,3.48836e-05,3.25373e-05,3.04116e-05,2.84811e-05,2.67237e-05,2.51202e-05,2.36537e-05,2.23094e-05,2.1074699999999997e-05,1.9938099999999998e-05,1.88898e-05,1.7921e-05,1.7024100000000002e-05,1.61922e-05,1.54192e-05,1.46998e-05,1.4029300000000001e-05,1.34033e-05,1.2818e-05,1.227e-05,1.17562e-05,1.12739e-05,1.0820499999999999e-05,1.03938e-05,9.991789999999999e-06,9.61257e-06,9.25445e-06,8.91592e-06,8.59558e-06,8.29215e-06,8.00448e-06,7.73148e-06,7.4721800000000005e-06,7.225689999999999e-06,6.76787e-06,6.352150000000001e-06,5.973540000000001e-06,5.6277599999999995e-06,5.3111199999999996e-06,5.0204400000000005e-06,4.75297e-06,4.506309999999999e-06,4.2783400000000004e-06,4.06724e-06,3.8713699999999995e-06,3.68931e-06,3.5197900000000003e-06,3.3616900000000005e-06,3.2139999999999996e-06,3.07583e-06,2.9463799999999997e-06,2.82493e-06,2.71084e-06,2.6035200000000003e-06,2.50245e-06,2.4071400000000005e-06,2.31719e-06,2.23217e-06,2.15176e-06,2.07561e-06,2.0034299999999997e-06,1.93495e-06,1.8699200000000002e-06,1.80812e-06,1.74933e-06,1.69336e-06,1.6400400000000002e-06,1.58919e-06,1.5406700000000002e-06,1.49434e-06,1.4500700000000001e-06,1.40774e-06,1.3672399999999998e-06,1.32845e-06,1.2384200000000002e-06,1.15724e-06,1.0837899999999998e-06,1.01711e-06,9.56405e-07,9.00975e-07,8.50227e-07,8.036499999999999e-07,7.60797e-07,7.212829999999999e-07,6.84769e-07,6.50959e-07,6.19593e-07,5.904399999999999e-07,5.63297e-07,5.379840000000001e-07,5.143399999999999e-07,4.9222e-07,4.71498e-07,4.52057e-07,4.3379399999999997e-07,4.16616e-07,4.0043799999999995e-07,3.8518500000000004e-07,3.7078699999999997e-07,3.57181e-07,3.44311e-07,3.3212400000000004e-07,3.20573e-07,3.0961400000000004e-07,2.99207e-07,2.8931699999999997e-07,2.70953e-07,2.54283e-07,2.39105e-07,2.25247e-07,2.1256e-07,2.00915e-07,1.90201e-07,1.80322e-07,1.71194e-07,1.6274100000000001e-07,1.5489900000000002e-07,1.47611e-07,1.40825e-07,1.34497e-07,1.2858599999999998e-07,1.2305600000000001e-07,1.17875e-07,1.1301500000000001e-07,1.0844900000000001e-07,1.04154e-07,1.0011000000000001e-07,9.62965e-08,9.26969e-08,8.929550000000001e-08,8.607789999999999e-08,8.30312e-08,8.014330000000001e-08,7.740360000000001e-08,7.4802e-08,7.23294e-08,6.99774e-08,6.773819999999999e-08,6.560489999999999e-08,6.357069999999999e-08,6.16298e-08,5.977630000000001e-08,5.80053e-08,5.6311800000000004e-08,5.4691400000000005e-08,5.3139900000000006e-08,5.16536e-08,5.022869999999999e-08,4.8862e-08,4.75504e-08,4.62908e-08,4.50806e-08,4.39173e-08,4.27984e-08,4.17218e-08,4.06853e-08,3.96869e-08,3.872480000000001e-08,3.77973e-08,3.6902699999999993e-08,3.6039599999999995e-08,3.52063e-08,3.44016e-08,3.3624199999999995e-08,3.28728e-08,3.2146400000000004e-08,3.14438e-08,3.07639e-08,3.01059e-08,2.94687e-08,2.88516e-08,2.82537e-08,2.76741e-08,2.71122e-08,2.6567300000000002e-08,2.63009e-08,2.60386e-08
soc_070,0.00023574799999999998,0.000235448,0.00023475,0.00023345900000000002,0.000231683,0.000229532,0.000226823,0.000224053,0.00022029,0.000216595,0.00021207,0.00020764900000000002,0.000202481,0.00019746,0.000191786,0.000186308,0.000180281,0.00017449700000000002,0.000168275,0.000162343,0.00015608,0.00015014799999999999,0.00014398700000000002,0.000138187,0.00013224799999999998,0.000126689,0.000121065,0.000115827,0.000110583,0.000105717,0.00010088600000000001,9.64179e-05,9.201290000000001e-05,8.79458e-05,8.39584e-05,8.0281e-05,7.66906e-05,7.33805e-05,7.01589e-05,6.71879e-05,6.43027e-05,6.163989999999999e-05,5.9058e-05,5.6672299999999996e-05,5.4361400000000004e-05,5.2223100000000005e-05,5.01528e-05,4.82341e-05,4.637689999999999e-05,4.46526e-05,4.2983500000000006e-05,3.99281e-05,3.7171e-05,3.46776e-05,3.24174e-05,3.03639e-05,2.84938e-05,2.67868e-05,2.52253e-05,2.3793600000000002e-05,2.2478299999999998e-05,2.12672e-05,2.01501e-05,1.91176e-05,1.8161500000000002e-05,1.72746e-05,1.64504e-05,1.56834e-05,1.4968299999999999e-05,1.43007e-05,1.36765e-05,1.30921e-05,1.25441e-05,1.20296e-05,1.1546e-05,1.1090799999999999e-05,1.06619e-05,1.02574e-05,9.87531e-06,9.51414e-06,9.17237e-06,8.84864e-06,8.54171e-06,8.25043e-06,7.97377e-06,7.71077e-06,7.22227e-06,6.778689999999999e-06,6.3747e-06,6.00572e-06,5.66784e-06,5.357669999999999e-06,5.0722500000000004e-06,4.8090300000000004e-06,4.565759999999999e-06,4.34048e-06,4.13146e-06,3.9371800000000005e-06,3.7562800000000002e-06,3.58756e-06,3.42995e-06,3.2825e-06,3.1443599999999997e-06,3.0147500000000002e-06,2.8929900000000002e-06,2.77846e-06,2.6706e-06,2.5688999999999997e-06,2.4728900000000002e-06,2.3821700000000003e-06,2.29635e-06,2.2150900000000003e-06,2.1380599999999997e-06,2.06498e-06,1.99558e-06,1.92963e-06,1.8668900000000002e-06,1.8071599999999998e-06,1.75025e-06,1.69599e-06,1.64421e-06,1.59477e-06,1.5475200000000001e-06,1.50234e-06,1.45912e-06,1.41773e-06,1.3216499999999999e-06,1.23501e-06,1.15662e-06,1.08547e-06,1.02068e-06,9.61524e-07,9.07366e-07,8.57658e-07,8.11926e-07,7.69756e-07,7.30788e-07,6.947060000000001e-07,6.61232e-07,6.3012e-07,6.011529999999999e-07,5.74139e-07,5.48906e-07,5.253e-07,5.03185e-07,4.82437e-07,4.6294699999999997e-07,4.4461399999999996e-07,4.2734999999999997e-07,4.11071e-07,3.95706e-07,3.81186e-07,3.6744999999999997e-07,3.54444e-07,3.42117e-07,3.30421e-07,3.1931599999999997e-07,3.08761e-07,2.89162e-07,2.71372e-07,2.55174e-07,2.4038499999999997e-07,2.26845e-07,2.14417e-07,2.02984e-07,1.92441e-07,1.82699e-07,1.73678e-07,1.65309e-07,1.57531e-07,1.50289e-07,1.43536e-07,1.37227e-07,1.31326e-07,1.25797e-07,1.2061e-07,1.15737e-07,1.1115399999999999e-07,1.06838e-07,1.02768e-07,9.892660000000001e-08,9.52966e-08,9.18628e-08,8.861130000000001e-08,8.552939999999999e-08,8.26055e-08,7.98291e-08,7.71903e-08,7.46802e-08,7.22906e-08,7.00138e-08,6.7843e-08,6.57716e-08,6.37936e-08,6.19035e-08,6.00962e-08,5.83669e-08,5.6711199999999995e-08,5.5125e-08,5.36044e-08,5.2145800000000005e-08,5.0746e-08,4.9401800000000004e-08,4.811030000000001e-08,4.6868800000000003e-08,4.56747e-08,4.4525699999999995e-08,4.34195e-08,4.23541e-08,4.1327300000000006e-08,4.0337500000000006e-08,3.9382800000000005e-08,3.8461599999999995e-08,3.7572300000000004e-08,3.67136e-08,3.58839e-08,3.50821e-08,3.43068e-08,3.35569e-08,3.28314e-08,3.21291e-08,3.14492e-08,3.07906e-08,3.0152400000000006e-08,2.9533999999999998e-08,2.89343e-08,2.83527e-08,2.8068499999999998e-08,2.7788499999999998e-08
soc_080,0.000256223,0.00025592299999999997,0.000255225,0.00025393299999999997,0.00025215599999999996,0.00025000099999999997,0.000247285,0.000244504,0.00024072200000000002,0.00023700200000000002,0.00023244,0.000227973,0.00022274,0.000217643,0.00021186599999999998,0.00020627099999999998,0.000200095,0.000194147,0.000187722,0.00018157,0.000175046,0.000168837,0.00016235700000000002,0.000156226,0.000149915,0.000143977,0.000137939,0.000132284,0.00012659299999999999,0.000121286,0.00011599200000000001,0.00011107,0.000106196,0.00010167700000000001,9.722700000000001e-05,9.31068e-05,8.90693e-05,8.53339e-05,8.16864e-05,7.831239999999999e-05,7.50266e-05,7.1986e-05,6.903060000000001e-05,6.62937e-05,6.3637e-05,6.11739e-05,5.8785e-05,5.6567399999999996e-05,5.44175e-05,5.24188e-05,5.0481499999999994e-05,4.6928900000000004e-05,4.37168e-05,4.08068e-05,3.8165100000000005e-05,3.57619e-05,3.35709e-05,3.15692e-05,2.9736500000000002e-05,2.8055e-05,2.65092e-05,2.5085300000000002e-05,2.37711e-05,2.2555900000000002e-05,2.14303e-05,2.03858e-05,1.9415e-05,1.85112e-05,1.76685e-05,1.68815e-05,1.61456e-05,1.54564e-05,1.48101e-05,1.42032e-05,1.3632699999999999e-05,1.30958e-05,1.25897e-05,1.2112300000000001e-05,1.16615e-05,1.1235299999999999e-05,1.08319e-05,1.04498e-05,1.00875e-05,9.74366e-06,9.41706e-06,9.10657e-06,8.52985e-06,8.00612e-06,7.52911e-06,7.09342e-06,6.69443e-06,6.3281500000000006e-06,5.99109e-06,5.68023e-06,5.39293e-06,5.1268700000000004e-06,4.8800199999999996e-06,4.65055e-06,4.4369e-06,4.23762e-06,4.05147e-06,3.87732e-06,3.7141500000000003e-06,3.5610699999999997e-06,3.41725e-06,3.2819699999999993e-06,3.15457e-06,3.0344400000000004e-06,2.92105e-06,2.81389e-06,2.71252e-06,2.6165300000000003e-06,2.52554e-06,2.43922e-06,2.3572499999999998e-06,2.27934e-06,2.20523e-06,2.13468e-06,2.06746e-06,2.00336e-06,1.9422e-06,1.8837999999999999e-06,1.82799e-06,1.77463e-06,1.72357e-06,1.67468e-06,1.5611799999999998e-06,1.4588499999999998e-06,1.36625e-06,1.2822e-06,1.20567e-06,1.1358e-06,1.07182e-06,1.0131100000000002e-06,9.59085e-07,9.09272e-07,8.63241e-07,8.206200000000002e-07,7.81079e-07,7.44328e-07,7.10111e-07,6.781999999999999e-07,6.483929999999999e-07,6.20509e-07,5.94386e-07,5.69878e-07,5.468549999999999e-07,5.252000000000001e-07,5.04806e-07,4.85577e-07,4.6742600000000005e-07,4.5027500000000005e-07,4.3405e-07,4.1868699999999997e-07,4.0412500000000003e-07,3.9031e-07,3.77191e-07,3.64723e-07,3.41572e-07,3.2055700000000003e-07,3.0142399999999996e-07,2.83954e-07,2.6795999999999997e-07,2.5328000000000006e-07,2.39774e-07,2.27321e-07,2.1581299999999998e-07,2.05157e-07,1.95271e-07,1.8608299999999999e-07,1.77529e-07,1.69551e-07,1.62099e-07,1.55128e-07,1.48597e-07,1.4247e-07,1.36714e-07,1.3130000000000002e-07,1.26202e-07,1.21395e-07,1.1685700000000001e-07,1.12569e-07,1.08513e-07,1.04672e-07,1.01031e-07,9.757769999999999e-08,9.4298e-08,9.118089999999998e-08,8.821589999999998e-08,8.539310000000001e-08,8.270380000000001e-08,8.01395e-08,7.769260000000001e-08,7.53561e-08,7.31235e-08,7.09886e-08,6.89459e-08,6.69901e-08,6.51163e-08,6.332009999999999e-08,6.15972e-08,5.994359999999999e-08,5.83558e-08,5.68302e-08,5.5363699999999996e-08,5.39532e-08,5.2595900000000004e-08,5.1289300000000007e-08,5.0030700000000003e-08,4.88179e-08,4.76486e-08,4.6520900000000005e-08,4.54327e-08,4.4382299999999996e-08,4.33679e-08,4.2387800000000005e-08,4.14406e-08,4.0524899999999995e-08,3.96391e-08,3.8782099999999995e-08,3.7952499999999995e-08,3.71493e-08,3.6371300000000005e-08,3.56175e-08,3.48869e-08,3.4178599999999996e-08,3.34916e-08,3.3155900000000004e-08,3.2825099999999997e-08
soc_090,0.000296096,0.00029579599999999997,0.000295098,0.000293805,0.000292024,0.000289863,0.000287136,0.000284339,0.000280528,0.000276771,0.00027215,0.000267612,0.000262277,0.00025706,0.000251123,0.000245345,0.00023893400000000003,0.00023272400000000002,0.000225975,0.00021947200000000002,0.000212527,0.000205868,0.000198865,0.00019218599999999998,0.000185255,0.000178677,0.00017193099999999998,0.000165558,0.00015909,0.000153005,0.00014688399999999998,0.000141147,0.00013541899999999999,0.000130066,0.000124756,0.000119804,0.00011491799999999999,0.000110368,0.000105898,0.000101739,9.76674e-05,9.38802e-05,9.01816e-05,8.67412e-05,8.338780000000001e-05,8.02669e-05,7.72292e-05,7.43999e-05,7.16487e-05,6.908359999999999e-05,6.65908e-05,6.20033e-05,5.78379e-05,5.405060000000001e-05,5.0601899999999994e-05,4.7456e-05,4.4581400000000007e-05,4.1949799999999996e-05,3.9536199999999996e-05,3.73184e-05,3.52769e-05,3.33942e-05,3.16548e-05,3.00451e-05,2.8552800000000002e-05,2.71671e-05,2.5878400000000003e-05,2.4678000000000003e-05,2.35581e-05,2.25119e-05,2.15331e-05,2.0616199999999998e-05,1.97561e-05,1.89483e-05,1.8188699999999997e-05,1.7473499999999998e-05,1.67994e-05,1.61634e-05,1.55626e-05,1.49945e-05,1.44568e-05,1.39474e-05,1.3464400000000001e-05,1.3005899999999999e-05,1.2570399999999999e-05,1.21563e-05,1.1387000000000001e-05,1.0688299999999999e-05,1.0051900000000001e-05,9.4705e-06,8.93806e-06,8.44922e-06,7.99935e-06,7.58443e-06,7.200939999999999e-06,6.84578e-06,6.516240000000001e-06,6.209919999999999e-06,5.92467e-06,5.658630000000001e-06,5.4101e-06,5.1775800000000005e-06,4.9597300000000005e-06,4.7553300000000004e-06,4.56331e-06,4.382680000000001e-06,4.21257e-06,4.0521699999999995e-06,3.90075e-06,3.7576599999999998e-06,3.6223e-06,3.49413e-06,3.3726300000000005e-06,3.2573700000000004e-06,3.14791e-06,3.0438799999999996e-06,2.94491e-06,2.8507e-06,2.76094e-06,2.67535e-06,2.5936700000000003e-06,2.5156799999999998e-06,2.4411599999999998e-06,2.3699e-06,2.3017099999999998e-06,2.23643e-06,2.08486e-06,1.9482e-06,1.8245500000000002e-06,1.7123e-06,1.61011e-06,1.51679e-06,1.43136e-06,1.35295e-06,1.2808100000000002e-06,1.2142900000000001e-06,1.15281e-06,1.0959e-06,1.04309e-06,9.94012e-07,9.483180000000001e-07,9.05703e-07,8.65898e-07,8.2866e-07,7.93773e-07,7.610439999999999e-07,7.30299e-07,7.01379e-07,6.74144e-07,6.484650000000001e-07,6.242260000000001e-07,6.0132e-07,5.79653e-07,5.59136e-07,5.396899999999999e-07,5.212399999999999e-07,5.03721e-07,4.8707e-07,4.56153e-07,4.28089e-07,4.02538e-07,3.79207e-07,3.57848e-07,3.38244e-07,3.20207e-07,3.03576e-07,2.88208e-07,2.73978e-07,2.60776e-07,2.48506e-07,2.37082e-07,2.2642800000000002e-07,2.16476e-07,2.07166e-07,1.98445e-07,1.9026199999999999e-07,1.82576e-07,1.7534600000000001e-07,1.68537e-07,1.62117e-07,1.56057e-07,1.50331e-07,1.44914e-07,1.39785e-07,1.34923e-07,1.3030999999999998e-07,1.25931e-07,1.21768e-07,1.1780799999999999e-07,1.14039e-07,1.1044700000000001e-07,1.0702299999999999e-07,1.03755e-07,1.00635e-07,9.7653e-08,9.4802e-08,9.2074e-08,8.94621e-08,8.695980000000001e-08,8.4561e-08,8.226020000000001e-08,8.005189999999999e-08,7.793139999999999e-08,7.589410000000001e-08,7.393560000000001e-08,7.2052e-08,7.02395e-08,6.84944e-08,6.681369999999999e-08,6.5194e-08,6.36325e-08,6.21265e-08,6.06733e-08,5.92705e-08,5.79158e-08,5.6607000000000005e-08,5.53421e-08,5.4119099999999995e-08,5.2936199999999996e-08,5.1791599999999996e-08,5.06838e-08,4.961119999999999e-08,4.85722e-08,4.7565599999999995e-08,4.6589900000000003e-08,4.56439e-08,4.47265e-08,4.42781e-08,4.38364e-08
soc_100,0.00036183300000000004,0.00036153300000000004,0.00036083400000000004,0.00035954,0.000357756,0.00035558800000000005,0.000352847,0.00035003199999999996,0.000346186,0.000342385,0.000337695,0.000333074,0.000327619,0.000322262,0.000316135,0.000310141,0.000303449,0.000296927,0.00028978799999999997,0.000282858,0.00027539700000000003,0.00026818400000000003,0.000260528,0.000253158,0.000245434,0.000238029,0.00023035400000000002,0.00022302700000000002,0.000215508,0.000208357,0.000201084,0.00019419200000000001,0.000187237,0.00018066599999999998,0.00017408099999999998,0.000167876,0.000161694,0.000155882,0.00015012,0.00014471200000000002,0.00013937299999999998,0.000134367,0.000129442,0.000124828,0.00012030000000000001,0.00011606,0.000111909,0.00010802,0.00010422,0.000100659,9.71827e-05,9.07456e-05,8.485739999999999e-05,7.94691e-05,7.45347e-05,7.00118e-05,6.58612e-05,6.20474e-05,5.8538199999999995e-05,5.53046e-05,5.23206e-05,4.9562700000000006e-05,4.70098e-05,4.46433e-05,4.24462e-05,4.04033e-05,3.85011e-05,3.67273e-05,3.5071100000000004e-05,3.35225e-05,3.20726e-05,3.0713499999999997e-05,2.94378e-05,2.8239000000000002e-05,2.71112e-05,2.6048899999999997e-05,2.50472e-05,2.41017e-05,2.32083e-05,2.23633e-05,2.15633e-05,2.08052e-05,2.00861e-05,1.9403399999999998e-05,1.87548e-05,1.8137999999999998e-05,1.6992e-05,1.59507e-05,1.5002e-05,1.41353e-05,1.33413e-05,1.26123e-05,1.1941199999999998e-05,1.13223e-05,1.07501e-05,1.0220199999999999e-05,9.72845e-06,9.27132e-06,8.84563e-06,8.44857e-06,8.07763e-06,7.73057e-06,7.40539e-06,7.10029e-06,6.813639999999999e-06,6.5439999999999995e-06,6.29005e-06,6.0505899999999994e-06,5.824540000000001e-06,5.61091e-06,5.40883e-06,5.21746e-06,5.0360699999999995e-06,4.86397e-06,4.70055e-06,4.54522e-06,4.3974599999999996e-06,4.256790000000001e-06,4.12276e-06,3.99496e-06,3.87301e-06,3.75656e-06,3.6452899999999998e-06,3.5388800000000004e-06,3.43707e-06,3.3395800000000005e-06,3.11327e-06,2.90921e-06,2.7245699999999997e-06,2.55696e-06,2.40435e-06,2.2650099999999998e-06,2.1374400000000003e-06,2.02035e-06,1.91263e-06,1.81329e-06,1.7215000000000002e-06,1.6365000000000001e-06,1.5576499999999998e-06,1.48436e-06,1.41613e-06,1.35249e-06,1.29305e-06,1.23744e-06,1.18535e-06,1.13647e-06,1.09056e-06,1.0473700000000001e-06,1.0067e-06,9.68358e-07,9.321609999999999e-07,8.97957e-07,8.65601e-07,8.349630000000001e-07,8.05923e-07,7.78373e-07,7.522110000000001e-07,7.27346e-07,6.811780000000001e-07,6.3927e-07,6.01113e-07,5.66274e-07,5.34378e-07,5.05103e-07,4.781689999999999e-07,4.5333300000000003e-07,4.30384e-07,4.09133e-07,3.89419e-07,3.7109600000000003e-07,3.54037e-07,3.38127e-07,3.23266e-07,3.09364e-07,2.96339e-07,2.84121e-07,2.72642e-07,2.61846e-07,2.51678e-07,2.42091e-07,2.33042e-07,2.2449000000000002e-07,2.16401e-07,2.0874199999999998e-07,2.01482e-07,1.9459399999999998e-07,1.88053e-07,1.8183700000000002e-07,1.75924e-07,1.7029499999999998e-07,1.64932e-07,1.59818e-07,1.54938e-07,1.5027900000000002e-07,1.45826e-07,1.4156900000000002e-07,1.37495e-07,1.33595e-07,1.29858e-07,1.2627599999999999e-07,1.2284e-07,1.19542e-07,1.1637600000000001e-07,1.1333399999999999e-07,1.10409e-07,1.07596e-07,1.04889e-07,1.02283e-07,9.977360000000001e-08,9.735489999999998e-08,9.502310000000001e-08,9.27741e-08,9.060410000000001e-08,8.85092e-08,8.64862e-08,8.45318e-08,8.264289999999999e-08,8.08166e-08,7.90502e-08,7.7341e-08,7.56867e-08,7.40849e-08,7.25334e-08,7.103019999999999e-08,6.95732e-08,6.81606e-08,6.679060000000001e-08,6.6121e-08,6.54614e-08
