dtm,f
2024-01-01 00:00:00,50.096
2024-01-01 00:00:01,50.089
2024-01-01 00:00:02,50.079
2024-01-01 00:00:03,50.068
2024-01-01 00:00:04,50.06
2024-01-01 00:00:05,50.058
2024-01-01 00:00:06,50.059
2024-01-01 00:00:07,50.057
2024-01-01 00:00:08,50.057
2024-01-01 00:00:09,50.057
2024-01-01 00:00:10,50.055
2024-01-01 00:00:11,50.049
2024-01-01 00:00:12,50.043
2024-01-01 00:00:13,50.039
2024-01-01 00:00:14,50.036
2024-01-01 00:00:15,50.037
2024-01-01 00:00:16,50.034
2024-01-01 00:00:17,50.034
2024-01-01 00:00:18,50.037
2024-01-01 00:00:19,50.036
2024-01-01 00:00:20,50.033
2024-01-01 00:00:21,50.032
2024-01-01 00:00:22,50.031
2024-01-01 00:00:23,50.028
2024-01-01 00:00:24,50.027
2024-01-01 00:00:25,50.029
2024-01-01 00:00:26,50.028
2024-01-01 00:00:27,50.027
2024-01-01 00:00:28,50.027
2024-01-01 00:00:29,50.03
2024-01-01 00:00:30,50.032
2024-01-01 00:00:31,50.031
2024-01-01 00:00:32,50.029
2024-01-01 00:00:33,50.027
2024-01-01 00:00:34,50.024
2024-01-01 00:00:35,50.021
2024-01-01 00:00:36,50.018
2024-01-01 00:00:37,50.019
2024-01-01 00:00:38,50.018
2024-01-01 00:00:39,50.017
2024-01-01 00:00:40,50.018
2024-01-01 00:00:41,50.018
2024-01-01 00:00:42,50.021
2024-01-01 00:00:43,50.023
2024-01-01 00:00:44,50.026
2024-01-01 00:00:45,50.024
2024-01-01 00:00:46,50.024
2024-01-01 00:00:47,50.022
2024-01-01 00:00:48,50.024
2024-01-01 00:00:49,50.026
2024-01-01 00:00:50,50.025
2024-01-01 00:00:51,50.022
2024-01-01 00:00:52,50.022
2024-01-01 00:00:53,50.019
2024-01-01 00:00:54,50.013
2024-01-01 00:00:55,50.013
2024-01-01 00:00:56,50.014
2024-01-01 00:00:57,50.016
2024-01-01 00:00:58,50.017
2024-01-01 00:00:59,50.017
2024-01-01 00:01:00,50.021
2024-01-01 00:01:01,50.017
2024-01-01 00:01:02,50.015
2024-01-01 00:01:03,50.012
2024-01-01 00:01:04,50.014
2024-01-01 00:01:05,50.013
2024-01-01 00:01:06,50.012
2024-01-01 00:01:07,50.011
2024-01-01 00:01:08,50.011
2024-01-01 00:01:09,50.008
2024-01-01 00:01:10,50.005
2024-01-01 00:01:11,50.001
2024-01-01 00:01:12,49.997
2024-01-01 00:01:13,49.996
2024-01-01 00:01:14,49.991
2024-01-01 00:01:15,49.991
2024-01-01 00:01:16,49.99
2024-01-01 00:01:17,49.989
2024-01-01 00:01:18,49.986
2024-01-01 00:01:19,49.985
2024-01-01 00:01:20,49.986
2024-01-01 00:01:21,49.981
2024-01-01 00:01:22,49.979
2024-01-01 00:01:23,49.978
2024-01-01 00:01:24,49.977
2024-01-01 00:01:25,49.976
2024-01-01 00:01:26,49.976
2024-01-01 00:01:27,49.979
2024-01-01 00:01:28,49.981
2024-01-01 00:01:29,49.982
2024-01-01 00:01:30,49.981
2024-01-01 00:01:31,49.984
2024-01-01 00:01:32,49.983
2024-01-01 00:01:33,49.984
2024-01-01 00:01:34,49.987
2024-01-01 00:01:35,49.989
2024-01-01 00:01:36,49.989
2024-01-01 00:01:37,49.987
2024-01-01 00:01:38,49.981
2024-01-01 00:01:39,49.979
2024-01-01 00:01:40,49.978
2024-01-01 00:01:41,49.976
2024-01-01 00:01:42,49.972
2024-01-01 00:01:43,49.973
2024-01-01 00:01:44,49.972
2024-01-01 00:01:45,49.976
2024-01-01 00:01:46,49.983
2024-01-01 00:01:47,49.987
2024-01-01 00:01:48,49.99
2024-01-01 00:01:49,49.991
2024-01-01 00:01:50,49.995
2024-01-01 00:01:51,49.999
2024-01-01 00:01:52,50.0
2024-01-01 00:01:53,49.996
2024-01-01 00:01:54,49.997
2024-01-01 00:01:55,49.992
2024-01-01 00:01:56,49.986
2024-01-01 00:01:57,49.982
2024-01-01 00:01:58,49.979
2024-01-01 00:01:59,49.978
2024-01-01 00:02:00,49.976
2024-01-01 00:02:01,49.972
2024-01-01 00:02:02,49.972
2024-01-01 00:02:03,49.971
2024-01-01 00:02:04,49.973
2024-01-01 00:02:05,49.975
2024-01-01 00:02:06,49.976
2024-01-01 00:02:07,49.978
2024-01-01 00:02:08,49.979
2024-01-01 00:02:09,49.98
2024-01-01 00:02:10,49.983
2024-01-01 00:02:11,49.987
2024-01-01 00:02:12,49.988
2024-01-01 00:02:13,49.991
2024-01-01 00:02:14,49.991
2024-01-01 00:02:15,49.991
2024-01-01 00:02:16,49.99
2024-01-01 00:02:17,49.99
2024-01-01 00:02:18,49.986
2024-01-01 00:02:19,49.982
2024-01-01 00:02:20,49.979
2024-01-01 00:02:21,49.976
2024-01-01 00:02:22,49.975
2024-01-01 00:02:23,49.972
2024-01-01 00:02:24,49.966
2024-01-01 00:02:25,49.967
2024-01-01 00:02:26,49.967
2024-01-01 00:02:27,49.969
2024-01-01 00:02:28,49.972
2024-01-01 00:02:29,49.972
2024-01-01 00:02:30,49.969
2024-01-01 00:02:31,49.967
2024-01-01 00:02:32,49.964
2024-01-01 00:02:33,49.964
2024-01-01 00:02:34,49.963
2024-01-01 00:02:35,49.959
2024-01-01 00:02:36,49.953
2024-01-01 00:02:37,49.951
2024-01-01 00:02:38,49.953
2024-01-01 00:02:39,49.95
2024-01-01 00:02:40,49.951
2024-01-01 00:02:41,49.953
2024-01-01 00:02:42,49.952
2024-01-01 00:02:43,49.953
2024-01-01 00:02:44,49.952
2024-01-01 00:02:45,49.951
2024-01-01 00:02:46,49.952
2024-01-01 00:02:47,49.95
2024-01-01 00:02:48,49.95
2024-01-01 00:02:49,49.954
2024-01-01 00:02:50,49.952
2024-01-01 00:02:51,49.949
2024-01-01 00:02:52,49.95
2024-01-01 00:02:53,49.95
2024-01-01 00:02:54,49.949
2024-01-01 00:02:55,49.95
2024-01-01 00:02:56,49.951
2024-01-01 00:02:57,49.954
2024-01-01 00:02:58,49.953
2024-01-01 00:02:59,49.951
2024-01-01 00:03:00,49.953
2024-01-01 00:03:01,49.951
2024-01-01 00:03:02,49.946
2024-01-01 00:03:03,49.942
2024-01-01 00:03:04,49.941
2024-01-01 00:03:05,49.939
2024-01-01 00:03:06,49.94
2024-01-01 00:03:07,49.937
2024-01-01 00:03:08,49.937
2024-01-01 00:03:09,49.934
2024-01-01 00:03:10,49.933
2024-01-01 00:03:11,49.931
2024-01-01 00:03:12,49.929
2024-01-01 00:03:13,49.929
2024-01-01 00:03:14,49.926
2024-01-01 00:03:15,49.926
2024-01-01 00:03:16,49.924
2024-01-01 00:03:17,49.922
2024-01-01 00:03:18,49.919
2024-01-01 00:03:19,49.918
2024-01-01 00:03:20,49.921
2024-01-01 00:03:21,49.924
2024-01-01 00:03:22,49.927
2024-01-01 00:03:23,49.929
2024-01-01 00:03:24,49.931
2024-01-01 00:03:25,49.93
2024-01-01 00:03:26,49.929
2024-01-01 00:03:27,49.93
2024-01-01 00:03:28,49.93
2024-01-01 00:03:29,49.928
2024-01-01 00:03:30,49.926
2024-01-01 00:03:31,49.924
2024-01-01 00:03:32,49.921
2024-01-01 00:03:33,49.922
2024-01-01 00:03:34,49.921
2024-01-01 00:03:35,49.923
2024-01-01 00:03:36,49.923
2024-01-01 00:03:37,49.922
2024-01-01 00:03:38,49.92
2024-01-01 00:03:39,49.92
2024-01-01 00:03:40,49.92
2024-01-01 00:03:41,49.918
2024-01-01 00:03:42,49.919
2024-01-01 00:03:43,49.922
2024-01-01 00:03:44,49.925
2024-01-01 00:03:45,49.928
2024-01-01 00:03:46,49.929
2024-01-01 00:03:47,49.929
2024-01-01 00:03:48,49.928
2024-01-01 00:03:49,49.925
2024-01-01 00:03:50,49.926
2024-01-01 00:03:51,49.927
2024-01-01 00:03:52,49.923
2024-01-01 00:03:53,49.919
2024-01-01 00:03:54,49.913
2024-01-01 00:03:55,49.91
2024-01-01 00:03:56,49.907
2024-01-01 00:03:57,49.906
2024-01-01 00:03:58,49.906
2024-01-01 00:03:59,49.908
2024-01-01 00:04:00,49.909
2024-01-01 00:04:01,49.906
2024-01-01 00:04:02,49.906
2024-01-01 00:04:03,49.907
2024-01-01 00:04:04,49.906
2024-01-01 00:04:05,49.906
2024-01-01 00:04:06,49.91
2024-01-01 00:04:07,49.912
2024-01-01 00:04:08,49.911
2024-01-01 00:04:09,49.911
2024-01-01 00:04:10,49.912
2024-01-01 00:04:11,49.908
2024-01-01 00:04:12,49.905
2024-01-01 00:04:13,49.904
2024-01-01 00:04:14,49.903
2024-01-01 00:04:15,49.9
2024-01-01 00:04:16,49.9
2024-01-01 00:04:17,49.901
2024-01-01 00:04:18,49.905
2024-01-01 00:04:19,49.905
2024-01-01 00:04:20,49.904
2024-01-01 00:04:21,49.9
2024-01-01 00:04:22,49.897
2024-01-01 00:04:23,49.895
2024-01-01 00:04:24,49.895
2024-01-01 00:04:25,49.896
2024-01-01 00:04:26,49.899
2024-01-01 00:04:27,49.897
2024-01-01 00:04:28,49.895
2024-01-01 00:04:29,49.895
2024-01-01 00:04:30,49.896
2024-01-01 00:04:31,49.896
2024-01-01 00:04:32,49.896
2024-01-01 00:04:33,49.897
2024-01-01 00:04:34,49.896
2024-01-01 00:04:35,49.893
2024-01-01 00:04:36,49.891
2024-01-01 00:04:37,49.893
2024-01-01 00:04:38,49.892
2024-01-01 00:04:39,49.89
2024-01-01 00:04:40,49.89
2024-01-01 00:04:41,49.89
2024-01-01 00:04:42,49.886
2024-01-01 00:04:43,49.883
2024-01-01 00:04:44,49.882
2024-01-01 00:04:45,49.884
2024-01-01 00:04:46,49.884
2024-01-01 00:04:47,49.882
2024-01-01 00:04:48,49.88
2024-01-01 00:04:49,49.877
2024-01-01 00:04:50,49.874
2024-01-01 00:04:51,49.874
2024-01-01 00:04:52,49.875
2024-01-01 00:04:53,49.876
2024-01-01 00:04:54,49.878
2024-01-01 00:04:55,49.878
2024-01-01 00:04:56,49.88
2024-01-01 00:04:57,49.882
2024-01-01 00:04:58,49.881
2024-01-01 00:04:59,49.879
2024-01-01 00:05:00,49.878
2024-01-01 00:05:01,49.878
2024-01-01 00:05:02,49.875
2024-01-01 00:05:03,49.874
2024-01-01 00:05:04,49.875
2024-01-01 00:05:05,49.877
2024-01-01 00:05:06,49.878
2024-01-01 00:05:07,49.879
2024-01-01 00:05:08,49.877
2024-01-01 00:05:09,49.874
2024-01-01 00:05:10,49.873
2024-01-01 00:05:11,49.874
2024-01-01 00:05:12,49.873
2024-01-01 00:05:13,49.874
2024-01-01 00:05:14,49.873
2024-01-01 00:05:15,49.871
2024-01-01 00:05:16,49.872
2024-01-01 00:05:17,49.876
2024-01-01 00:05:18,49.874
2024-01-01 00:05:19,49.875
2024-01-01 00:05:20,49.878
2024-01-01 00:05:21,49.879
2024-01-01 00:05:22,49.879
2024-01-01 00:05:23,49.882
2024-01-01 00:05:24,49.887
2024-01-01 00:05:25,49.89
2024-01-01 00:05:26,49.892
2024-01-01 00:05:27,49.894
2024-01-01 00:05:28,49.896
2024-01-01 00:05:29,49.899
2024-01-01 00:05:30,49.905
2024-01-01 00:05:31,49.91
2024-01-01 00:05:32,49.919
2024-01-01 00:05:33,49.927
2024-01-01 00:05:34,49.932
2024-01-01 00:05:35,49.939
2024-01-01 00:05:36,49.939
2024-01-01 00:05:37,49.94
2024-01-01 00:05:38,49.936
2024-01-01 00:05:39,49.938
2024-01-01 00:05:40,49.938
2024-01-01 00:05:41,49.943
2024-01-01 00:05:42,49.943
2024-01-01 00:05:43,49.948
2024-01-01 00:05:44,49.951
2024-01-01 00:05:45,49.957
2024-01-01 00:05:46,49.957
2024-01-01 00:05:47,49.964
2024-01-01 00:05:48,49.966
2024-01-01 00:05:49,49.969
2024-01-01 00:05:50,49.968
2024-01-01 00:05:51,49.974
2024-01-01 00:05:52,49.972
2024-01-01 00:05:53,49.971
2024-01-01 00:05:54,49.969
2024-01-01 00:05:55,49.967
2024-01-01 00:05:56,49.962
2024-01-01 00:05:57,49.956
2024-01-01 00:05:58,49.95
2024-01-01 00:05:59,49.947
2024-01-01 00:06:00,49.945
2024-01-01 00:06:01,49.942
2024-01-01 00:06:02,49.939
2024-01-01 00:06:03,49.942
2024-01-01 00:06:04,49.945
2024-01-01 00:06:05,49.945
2024-01-01 00:06:06,49.946
2024-01-01 00:06:07,49.945
2024-01-01 00:06:08,49.94
2024-01-01 00:06:09,49.94
2024-01-01 00:06:10,49.941
2024-01-01 00:06:11,49.94
2024-01-01 00:06:12,49.94
2024-01-01 00:06:13,49.939
2024-01-01 00:06:14,49.941
2024-01-01 00:06:15,49.945
2024-01-01 00:06:16,49.945
2024-01-01 00:06:17,49.948
2024-01-01 00:06:18,49.946
2024-01-01 00:06:19,49.946
2024-01-01 00:06:20,49.942
2024-01-01 00:06:21,49.938
2024-01-01 00:06:22,49.936
2024-01-01 00:06:23,49.938
2024-01-01 00:06:24,49.937
2024-01-01 00:06:25,49.94
2024-01-01 00:06:26,49.946
2024-01-01 00:06:27,49.949
2024-01-01 00:06:28,49.951
2024-01-01 00:06:29,49.957
2024-01-01 00:06:30,49.963
2024-01-01 00:06:31,49.967
2024-01-01 00:06:32,49.968
2024-01-01 00:06:33,49.97
2024-01-01 00:06:34,49.973
2024-01-01 00:06:35,49.972
2024-01-01 00:06:36,49.969
2024-01-01 00:06:37,49.968
2024-01-01 00:06:38,49.97
2024-01-01 00:06:39,49.968
2024-01-01 00:06:40,49.972
2024-01-01 00:06:41,49.975
2024-01-01 00:06:42,49.979
2024-01-01 00:06:43,49.981
2024-01-01 00:06:44,49.98
2024-01-01 00:06:45,49.982
2024-01-01 00:06:46,49.983
2024-01-01 00:06:47,49.978
2024-01-01 00:06:48,49.976
2024-01-01 00:06:49,49.98
2024-01-01 00:06:50,49.981
2024-01-01 00:06:51,49.979
2024-01-01 00:06:52,49.98
2024-01-01 00:06:53,49.981
2024-01-01 00:06:54,49.977
2024-01-01 00:06:55,49.977
2024-01-01 00:06:56,49.975
2024-01-01 00:06:57,49.969
2024-01-01 00:06:58,49.964
2024-01-01 00:06:59,49.954
2024-01-01 00:07:00,49.946
2024-01-01 00:07:01,49.941
2024-01-01 00:07:02,49.937
2024-01-01 00:07:03,49.936
2024-01-01 00:07:04,49.938
2024-01-01 00:07:05,49.939
2024-01-01 00:07:06,49.94
2024-01-01 00:07:07,49.94
2024-01-01 00:07:08,49.943
2024-01-01 00:07:09,49.943
2024-01-01 00:07:10,49.94
2024-01-01 00:07:11,49.941
2024-01-01 00:07:12,49.939
2024-01-01 00:07:13,49.94
2024-01-01 00:07:14,49.94
2024-01-01 00:07:15,49.935
2024-01-01 00:07:16,49.934
2024-01-01 00:07:17,49.932
2024-01-01 00:07:18,49.928
2024-01-01 00:07:19,49.926
2024-01-01 00:07:20,49.926
2024-01-01 00:07:21,49.924
2024-01-01 00:07:22,49.921
2024-01-01 00:07:23,49.922
2024-01-01 00:07:24,49.92
2024-01-01 00:07:25,49.916
2024-01-01 00:07:26,49.915
2024-01-01 00:07:27,49.917
2024-01-01 00:07:28,49.915
2024-01-01 00:07:29,49.915
2024-01-01 00:07:30,49.911
2024-01-01 00:07:31,49.91
2024-01-01 00:07:32,49.911
2024-01-01 00:07:33,49.911
2024-01-01 00:07:34,49.913
2024-01-01 00:07:35,49.913
2024-01-01 00:07:36,49.915
2024-01-01 00:07:37,49.916
2024-01-01 00:07:38,49.914
2024-01-01 00:07:39,49.917
2024-01-01 00:07:40,49.917
2024-01-01 00:07:41,49.914
2024-01-01 00:07:42,49.914
2024-01-01 00:07:43,49.913
2024-01-01 00:07:44,49.911
2024-01-01 00:07:45,49.908
2024-01-01 00:07:46,49.907
2024-01-01 00:07:47,49.904
2024-01-01 00:07:48,49.9
2024-01-01 00:07:49,49.897
2024-01-01 00:07:50,49.897
2024-01-01 00:07:51,49.9
2024-01-01 00:07:52,49.9
2024-01-01 00:07:53,49.898
2024-01-01 00:07:54,49.9
2024-01-01 00:07:55,49.901
2024-01-01 00:07:56,49.902
2024-01-01 00:07:57,49.902
2024-01-01 00:07:58,49.903
2024-01-01 00:07:59,49.907
2024-01-01 00:08:00,49.909
2024-01-01 00:08:01,49.906
2024-01-01 00:08:02,49.908
2024-01-01 00:08:03,49.908
2024-01-01 00:08:04,49.905
2024-01-01 00:08:05,49.904
2024-01-01 00:08:06,49.903
2024-01-01 00:08:07,49.9
2024-01-01 00:08:08,49.899
2024-01-01 00:08:09,49.899
2024-01-01 00:08:10,49.898
2024-01-01 00:08:11,49.898
2024-01-01 00:08:12,49.894
2024-01-01 00:08:13,49.893
2024-01-01 00:08:14,49.892
2024-01-01 00:08:15,49.891
2024-01-01 00:08:16,49.895
2024-01-01 00:08:17,49.895
2024-01-01 00:08:18,49.894
2024-01-01 00:08:19,49.892
2024-01-01 00:08:20,49.891
2024-01-01 00:08:21,49.889
2024-01-01 00:08:22,49.886
2024-01-01 00:08:23,49.886
2024-01-01 00:08:24,49.884
2024-01-01 00:08:25,49.884
2024-01-01 00:08:26,49.884
2024-01-01 00:08:27,49.884
2024-01-01 00:08:28,49.883
2024-01-01 00:08:29,49.886
2024-01-01 00:08:30,49.888
2024-01-01 00:08:31,49.888
2024-01-01 00:08:32,49.884
2024-01-01 00:08:33,49.885
2024-01-01 00:08:34,49.887
2024-01-01 00:08:35,49.887
2024-01-01 00:08:36,49.887
2024-01-01 00:08:37,49.89
2024-01-01 00:08:38,49.891
2024-01-01 00:08:39,49.89
2024-01-01 00:08:40,49.888
2024-01-01 00:08:41,49.889
2024-01-01 00:08:42,49.89
2024-01-01 00:08:43,49.889
2024-01-01 00:08:44,49.889
2024-01-01 00:08:45,49.891
2024-01-01 00:08:46,49.892
2024-01-01 00:08:47,49.891
2024-01-01 00:08:48,49.889
2024-01-01 00:08:49,49.89
2024-01-01 00:08:50,49.888
2024-01-01 00:08:51,49.887
2024-01-01 00:08:52,49.885
2024-01-01 00:08:53,49.887
2024-01-01 00:08:54,49.885
2024-01-01 00:08:55,49.887
2024-01-01 00:08:56,49.884
2024-01-01 00:08:57,49.887
2024-01-01 00:08:58,49.887
2024-01-01 00:08:59,49.884
2024-01-01 00:09:00,49.887
2024-01-01 00:09:01,49.885
2024-01-01 00:09:02,49.883
2024-01-01 00:09:03,49.886
2024-01-01 00:09:04,49.887
2024-01-01 00:09:05,49.887
2024-01-01 00:09:06,49.885
2024-01-01 00:09:07,49.883
2024-01-01 00:09:08,49.881
2024-01-01 00:09:09,49.881
2024-01-01 00:09:10,49.878
2024-01-01 00:09:11,49.876
2024-01-01 00:09:12,49.876
2024-01-01 00:09:13,49.874
2024-01-01 00:09:14,49.875
2024-01-01 00:09:15,49.874
2024-01-01 00:09:16,49.876
2024-01-01 00:09:17,49.879
2024-01-01 00:09:18,49.88
2024-01-01 00:09:19,49.881
2024-01-01 00:09:20,49.879
2024-01-01 00:09:21,49.879
2024-01-01 00:09:22,49.877
2024-01-01 00:09:23,49.877
2024-01-01 00:09:24,49.877
2024-01-01 00:09:25,49.877
2024-01-01 00:09:26,49.878
2024-01-01 00:09:27,49.88
2024-01-01 00:09:28,49.883
2024-01-01 00:09:29,49.885
2024-01-01 00:09:30,49.885
2024-01-01 00:09:31,49.89
2024-01-01 00:09:32,49.895
2024-01-01 00:09:33,49.898
2024-01-01 00:09:34,49.902
2024-01-01 00:09:35,49.909
2024-01-01 00:09:36,49.917
2024-01-01 00:09:37,49.925
2024-01-01 00:09:38,49.929
2024-01-01 00:09:39,49.933
2024-01-01 00:09:40,49.935
2024-01-01 00:09:41,49.935
2024-01-01 00:09:42,49.933
2024-01-01 00:09:43,49.939
2024-01-01 00:09:44,49.944
2024-01-01 00:09:45,49.948
2024-01-01 00:09:46,49.952
2024-01-01 00:09:47,49.954
2024-01-01 00:09:48,49.954
2024-01-01 00:09:49,49.951
2024-01-01 00:09:50,49.95
2024-01-01 00:09:51,49.954
2024-01-01 00:09:52,49.954
2024-01-01 00:09:53,49.955
2024-01-01 00:09:54,49.954
2024-01-01 00:09:55,49.957
2024-01-01 00:09:56,49.958
2024-01-01 00:09:57,49.959
2024-01-01 00:09:58,49.958
2024-01-01 00:09:59,49.957
2024-01-01 00:10:00,49.957
2024-01-01 00:10:01,49.958
2024-01-01 00:10:02,49.959
2024-01-01 00:10:03,49.959
2024-01-01 00:10:04,49.958
2024-01-01 00:10:05,49.954
2024-01-01 00:10:06,49.956
2024-01-01 00:10:07,49.958
2024-01-01 00:10:08,49.96
2024-01-01 00:10:09,49.96
2024-01-01 00:10:10,49.959
2024-01-01 00:10:11,49.962
2024-01-01 00:10:12,49.962
2024-01-01 00:10:13,49.962
2024-01-01 00:10:14,49.963
2024-01-01 00:10:15,49.966
2024-01-01 00:10:16,49.965
2024-01-01 00:10:17,49.965
2024-01-01 00:10:18,49.968
2024-01-01 00:10:19,49.969
2024-01-01 00:10:20,49.968
2024-01-01 00:10:21,49.971
2024-01-01 00:10:22,49.975
2024-01-01 00:10:23,49.978
2024-01-01 00:10:24,49.978
2024-01-01 00:10:25,49.98
2024-01-01 00:10:26,49.981
2024-01-01 00:10:27,49.981
2024-01-01 00:10:28,49.981
2024-01-01 00:10:29,49.982
2024-01-01 00:10:30,49.983
2024-01-01 00:10:31,49.983
2024-01-01 00:10:32,49.981
2024-01-01 00:10:33,49.981
2024-01-01 00:10:34,49.981
2024-01-01 00:10:35,49.979
2024-01-01 00:10:36,49.976
2024-01-01 00:10:37,49.979
2024-01-01 00:10:38,49.981
2024-01-01 00:10:39,49.984
2024-01-01 00:10:40,49.986
2024-01-01 00:10:41,49.991
2024-01-01 00:10:42,49.994
2024-01-01 00:10:43,49.997
2024-01-01 00:10:44,50.004
2024-01-01 00:10:45,50.013
2024-01-01 00:10:46,50.021
2024-01-01 00:10:47,50.026
2024-01-01 00:10:48,50.033
2024-01-01 00:10:49,50.036
2024-01-01 00:10:50,50.035
2024-01-01 00:10:51,50.036
2024-01-01 00:10:52,50.036
2024-01-01 00:10:53,50.035
2024-01-01 00:10:54,50.035
2024-01-01 00:10:55,50.036
2024-01-01 00:10:56,50.037
2024-01-01 00:10:57,50.036
2024-01-01 00:10:58,50.033
2024-01-01 00:10:59,50.032
2024-01-01 00:11:00,50.034
2024-01-01 00:11:01,50.032
2024-01-01 00:11:02,50.032
2024-01-01 00:11:03,50.034
2024-01-01 00:11:04,50.035
2024-01-01 00:11:05,50.036
2024-01-01 00:11:06,50.036
2024-01-01 00:11:07,50.035
2024-01-01 00:11:08,50.037
2024-01-01 00:11:09,50.037
2024-01-01 00:11:10,50.036
2024-01-01 00:11:11,50.037
2024-01-01 00:11:12,50.04
2024-01-01 00:11:13,50.041
2024-01-01 00:11:14,50.041
2024-01-01 00:11:15,50.04
2024-01-01 00:11:16,50.042
2024-01-01 00:11:17,50.045
2024-01-01 00:11:18,50.044
2024-01-01 00:11:19,50.044
2024-01-01 00:11:20,50.042
2024-01-01 00:11:21,50.042
2024-01-01 00:11:22,50.042
2024-01-01 00:11:23,50.045
2024-01-01 00:11:24,50.05
2024-01-01 00:11:25,50.053
2024-01-01 00:11:26,50.055
2024-01-01 00:11:27,50.058
2024-01-01 00:11:28,50.062
2024-01-01 00:11:29,50.06
2024-01-01 00:11:30,50.058
2024-01-01 00:11:31,50.058
2024-01-01 00:11:32,50.059
2024-01-01 00:11:33,50.058
2024-01-01 00:11:34,50.057
2024-01-01 00:11:35,50.057
2024-01-01 00:11:36,50.059
2024-01-01 00:11:37,50.058
2024-01-01 00:11:38,50.057
2024-01-01 00:11:39,50.056
2024-01-01 00:11:40,50.058
2024-01-01 00:11:41,50.057
2024-01-01 00:11:42,50.058
2024-01-01 00:11:43,50.059
2024-01-01 00:11:44,50.062
2024-01-01 00:11:45,50.063
2024-01-01 00:11:46,50.061
2024-01-01 00:11:47,50.063
2024-01-01 00:11:48,50.063
2024-01-01 00:11:49,50.06
2024-01-01 00:11:50,50.06
2024-01-01 00:11:51,50.061
2024-01-01 00:11:52,50.061
2024-01-01 00:11:53,50.058
2024-01-01 00:11:54,50.056
2024-01-01 00:11:55,50.059
2024-01-01 00:11:56,50.061
2024-01-01 00:11:57,50.06
2024-01-01 00:11:58,50.062
2024-01-01 00:11:59,50.065
2024-01-01 00:12:00,50.065
2024-01-01 00:12:01,50.062
2024-01-01 00:12:02,50.063
2024-01-01 00:12:03,50.061
2024-01-01 00:12:04,50.059
2024-01-01 00:12:05,50.058
2024-01-01 00:12:06,50.059
2024-01-01 00:12:07,50.059
2024-01-01 00:12:08,50.058
2024-01-01 00:12:09,50.056
2024-01-01 00:12:10,50.057
2024-01-01 00:12:11,50.058
2024-01-01 00:12:12,50.058
2024-01-01 00:12:13,50.056
2024-01-01 00:12:14,50.057
2024-01-01 00:12:15,50.058
2024-01-01 00:12:16,50.059
2024-01-01 00:12:17,50.056
2024-01-01 00:12:18,50.057
2024-01-01 00:12:19,50.059
2024-01-01 00:12:20,50.059
2024-01-01 00:12:21,50.059
2024-01-01 00:12:22,50.061
2024-01-01 00:12:23,50.067
2024-01-01 00:12:24,50.071
2024-01-01 00:12:25,50.075
2024-01-01 00:12:26,50.08
2024-01-01 00:12:27,50.083
2024-01-01 00:12:28,50.082
2024-01-01 00:12:29,50.081
2024-01-01 00:12:30,50.082
2024-01-01 00:12:31,50.079
2024-01-01 00:12:32,50.077
2024-01-01 00:12:33,50.077
2024-01-01 00:12:34,50.081
2024-01-01 00:12:35,50.084
2024-01-01 00:12:36,50.083
2024-01-01 00:12:37,50.085
2024-01-01 00:12:38,50.087
2024-01-01 00:12:39,50.089
2024-01-01 00:12:40,50.089
2024-01-01 00:12:41,50.089
2024-01-01 00:12:42,50.087
2024-01-01 00:12:43,50.084
2024-01-01 00:12:44,50.085
2024-01-01 00:12:45,50.087
2024-01-01 00:12:46,50.088
2024-01-01 00:12:47,50.088
2024-01-01 00:12:48,50.085
2024-01-01 00:12:49,50.085
2024-01-01 00:12:50,50.085
2024-01-01 00:12:51,50.084
2024-01-01 00:12:52,50.084
2024-01-01 00:12:53,50.086
2024-01-01 00:12:54,50.085
2024-01-01 00:12:55,50.083
2024-01-01 00:12:56,50.083
2024-01-01 00:12:57,50.082
2024-01-01 00:12:58,50.083
2024-01-01 00:12:59,50.083
2024-01-01 00:13:00,50.085
2024-01-01 00:13:01,50.088
2024-01-01 00:13:02,50.085
2024-01-01 00:13:03,50.083
2024-01-01 00:13:04,50.082
2024-01-01 00:13:05,50.083
2024-01-01 00:13:06,50.085
2024-01-01 00:13:07,50.084
2024-01-01 00:13:08,50.083
2024-01-01 00:13:09,50.084
2024-01-01 00:13:10,50.083
2024-01-01 00:13:11,50.082
2024-01-01 00:13:12,50.083
2024-01-01 00:13:13,50.083
2024-01-01 00:13:14,50.082
2024-01-01 00:13:15,50.084
2024-01-01 00:13:16,50.088
2024-01-01 00:13:17,50.092
2024-01-01 00:13:18,50.094
2024-01-01 00:13:19,50.095
2024-01-01 00:13:20,50.096
2024-01-01 00:13:21,50.097
2024-01-01 00:13:22,50.098
2024-01-01 00:13:23,50.1
2024-01-01 00:13:24,50.101
2024-01-01 00:13:25,50.104
2024-01-01 00:13:26,50.101
2024-01-01 00:13:27,50.101
2024-01-01 00:13:28,50.1
2024-01-01 00:13:29,50.104
2024-01-01 00:13:30,50.103
2024-01-01 00:13:31,50.102
2024-01-01 00:13:32,50.104
2024-01-01 00:13:33,50.101
2024-01-01 00:13:34,50.1
2024-01-01 00:13:35,50.102
2024-01-01 00:13:36,50.102
2024-01-01 00:13:37,50.102
2024-01-01 00:13:38,50.101
2024-01-01 00:13:39,50.104
2024-01-01 00:13:40,50.107
2024-01-01 00:13:41,50.104
2024-01-01 00:13:42,50.102
2024-01-01 00:13:43,50.104
2024-01-01 00:13:44,50.107
2024-01-01 00:13:45,50.107
2024-01-01 00:13:46,50.106
2024-01-01 00:13:47,50.108
2024-01-01 00:13:48,50.111
2024-01-01 00:13:49,50.113
2024-01-01 00:13:50,50.114
2024-01-01 00:13:51,50.116
2024-01-01 00:13:52,50.115
2024-01-01 00:13:53,50.115
2024-01-01 00:13:54,50.114
2024-01-01 00:13:55,50.113
2024-01-01 00:13:56,50.114
2024-01-01 00:13:57,50.115
2024-01-01 00:13:58,50.117
2024-01-01 00:13:59,50.119
2024-01-01 00:14:00,50.122
2024-01-01 00:14:01,50.123
2024-01-01 00:14:02,50.125
2024-01-01 00:14:03,50.125
2024-01-01 00:14:04,50.122
2024-01-01 00:14:05,50.12
2024-01-01 00:14:06,50.117
2024-01-01 00:14:07,50.116
2024-01-01 00:14:08,50.114
2024-01-01 00:14:09,50.111
2024-01-01 00:14:10,50.111
2024-01-01 00:14:11,50.113
2024-01-01 00:14:12,50.111
2024-01-01 00:14:13,50.112
2024-01-01 00:14:14,50.116
2024-01-01 00:14:15,50.115
2024-01-01 00:14:16,50.115
2024-01-01 00:14:17,50.115
2024-01-01 00:14:18,50.112
2024-01-01 00:14:19,50.111
2024-01-01 00:14:20,50.113
2024-01-01 00:14:21,50.115
2024-01-01 00:14:22,50.12
2024-01-01 00:14:23,50.123
2024-01-01 00:14:24,50.121
2024-01-01 00:14:25,50.119
2024-01-01 00:14:26,50.12
2024-01-01 00:14:27,50.122
2024-01-01 00:14:28,50.122
2024-01-01 00:14:29,50.12
2024-01-01 00:14:30,50.121
2024-01-01 00:14:31,50.123
2024-01-01 00:14:32,50.123
2024-01-01 00:14:33,50.123
2024-01-01 00:14:34,50.123
2024-01-01 00:14:35,50.126
2024-01-01 00:14:36,50.123
2024-01-01 00:14:37,50.123
2024-01-01 00:14:38,50.124
2024-01-01 00:14:39,50.122
2024-01-01 00:14:40,50.121
2024-01-01 00:14:41,50.122
2024-01-01 00:14:42,50.122
2024-01-01 00:14:43,50.12
2024-01-01 00:14:44,50.122
2024-01-01 00:14:45,50.122
2024-01-01 00:14:46,50.125
2024-01-01 00:14:47,50.123
2024-01-01 00:14:48,50.12
2024-01-01 00:14:49,50.119
2024-01-01 00:14:50,50.12
2024-01-01 00:14:51,50.12
2024-01-01 00:14:52,50.118
2024-01-01 00:14:53,50.123
2024-01-01 00:14:54,50.124
2024-01-01 00:14:55,50.124
2024-01-01 00:14:56,50.123
2024-01-01 00:14:57,50.123
2024-01-01 00:14:58,50.126
2024-01-01 00:14:59,50.124
2024-01-01 00:15:00,50.123
2024-01-01 00:15:01,50.119
2024-01-01 00:15:02,50.119
2024-01-01 00:15:03,50.116
2024-01-01 00:15:04,50.118
2024-01-01 00:15:05,50.121
2024-01-01 00:15:06,50.121
2024-01-01 00:15:07,50.126
2024-01-01 00:15:08,50.127
2024-01-01 00:15:09,50.133
2024-01-01 00:15:10,50.135
2024-01-01 00:15:11,50.134
2024-01-01 00:15:12,50.136
2024-01-01 00:15:13,50.14
2024-01-01 00:15:14,50.141
2024-01-01 00:15:15,50.14
2024-01-01 00:15:16,50.141
2024-01-01 00:15:17,50.142
2024-01-01 00:15:18,50.144
2024-01-01 00:15:19,50.145
2024-01-01 00:15:20,50.144
2024-01-01 00:15:21,50.145
2024-01-01 00:15:22,50.144
2024-01-01 00:15:23,50.142
2024-01-01 00:15:24,50.143
2024-01-01 00:15:25,50.145
2024-01-01 00:15:26,50.144
2024-01-01 00:15:27,50.142
2024-01-01 00:15:28,50.143
2024-01-01 00:15:29,50.143
2024-01-01 00:15:30,50.144
2024-01-01 00:15:31,50.145
2024-01-01 00:15:32,50.149
2024-01-01 00:15:33,50.147
2024-01-01 00:15:34,50.146
2024-01-01 00:15:35,50.147
2024-01-01 00:15:36,50.148
2024-01-01 00:15:37,50.149
2024-01-01 00:15:38,50.146
2024-01-01 00:15:39,50.144
2024-01-01 00:15:40,50.145
2024-01-01 00:15:41,50.143
2024-01-01 00:15:42,50.143
2024-01-01 00:15:43,50.142
2024-01-01 00:15:44,50.142
2024-01-01 00:15:45,50.142
2024-01-01 00:15:46,50.14
2024-01-01 00:15:47,50.142
2024-01-01 00:15:48,50.142
2024-01-01 00:15:49,50.142
2024-01-01 00:15:50,50.142
2024-01-01 00:15:51,50.144
2024-01-01 00:15:52,50.145
2024-01-01 00:15:53,50.145
2024-01-01 00:15:54,50.147
2024-01-01 00:15:55,50.149
2024-01-01 00:15:56,50.15
2024-01-01 00:15:57,50.15
2024-01-01 00:15:58,50.149
2024-01-01 00:15:59,50.149
2024-01-01 00:16:00,50.15
2024-01-01 00:16:01,50.145
2024-01-01 00:16:02,50.145
2024-01-01 00:16:03,50.143
2024-01-01 00:16:04,50.143
2024-01-01 00:16:05,50.144
2024-01-01 00:16:06,50.145
2024-01-01 00:16:07,50.148
2024-01-01 00:16:08,50.149
2024-01-01 00:16:09,50.148
2024-01-01 00:16:10,50.146
2024-01-01 00:16:11,50.148
2024-01-01 00:16:12,50.15
2024-01-01 00:16:13,50.153
2024-01-01 00:16:14,50.152
2024-01-01 00:16:15,50.154
2024-01-01 00:16:16,50.153
2024-01-01 00:16:17,50.151
2024-01-01 00:16:18,50.153
2024-01-01 00:16:19,50.152
2024-01-01 00:16:20,50.152
2024-01-01 00:16:21,50.152
2024-01-01 00:16:22,50.153
2024-01-01 00:16:23,50.154
2024-01-01 00:16:24,50.156
2024-01-01 00:16:25,50.15
2024-01-01 00:16:26,50.15
2024-01-01 00:16:27,50.15
2024-01-01 00:16:28,50.15
2024-01-01 00:16:29,50.147
2024-01-01 00:16:30,50.145
2024-01-01 00:16:31,50.142
2024-01-01 00:16:32,50.142
2024-01-01 00:16:33,50.143
2024-01-01 00:16:34,50.142
2024-01-01 00:16:35,50.145
2024-01-01 00:16:36,50.145
2024-01-01 00:16:37,50.143
2024-01-01 00:16:38,50.143
2024-01-01 00:16:39,50.142
2024-01-01 00:16:40,50.142
2024-01-01 00:16:41,50.141
2024-01-01 00:16:42,50.142
2024-01-01 00:16:43,50.142
2024-01-01 00:16:44,50.14
2024-01-01 00:16:45,50.133
2024-01-01 00:16:46,50.129
2024-01-01 00:16:47,50.12
2024-01-01 00:16:48,50.109
2024-01-01 00:16:49,50.101
2024-01-01 00:16:50,50.094
2024-01-01 00:16:51,50.086
2024-01-01 00:16:52,50.081
2024-01-01 00:16:53,50.076
2024-01-01 00:16:54,50.072
2024-01-01 00:16:55,50.07
2024-01-01 00:16:56,50.069
2024-01-01 00:16:57,50.069
2024-01-01 00:16:58,50.071
2024-01-01 00:16:59,50.072
2024-01-01 00:17:00,50.069
2024-01-01 00:17:01,50.067
2024-01-01 00:17:02,50.065
2024-01-01 00:17:03,50.064
2024-01-01 00:17:04,50.066
2024-01-01 00:17:05,50.068
2024-01-01 00:17:06,50.069
2024-01-01 00:17:07,50.067
2024-01-01 00:17:08,50.065
2024-01-01 00:17:09,50.064
2024-01-01 00:17:10,50.064
2024-01-01 00:17:11,50.064
2024-01-01 00:17:12,50.065
2024-01-01 00:17:13,50.071
2024-01-01 00:17:14,50.073
2024-01-01 00:17:15,50.075
2024-01-01 00:17:16,50.078
2024-01-01 00:17:17,50.079
2024-01-01 00:17:18,50.078
2024-01-01 00:17:19,50.077
2024-01-01 00:17:20,50.078
2024-01-01 00:17:21,50.079
2024-01-01 00:17:22,50.077
2024-01-01 00:17:23,50.076
2024-01-01 00:17:24,50.076
2024-01-01 00:17:25,50.078
2024-01-01 00:17:26,50.077
2024-01-01 00:17:27,50.079
2024-01-01 00:17:28,50.079
2024-01-01 00:17:29,50.078
2024-01-01 00:17:30,50.076
2024-01-01 00:17:31,50.075
2024-01-01 00:17:32,50.074
2024-01-01 00:17:33,50.074
2024-01-01 00:17:34,50.072
2024-01-01 00:17:35,50.072
2024-01-01 00:17:36,50.075
2024-01-01 00:17:37,50.076
2024-01-01 00:17:38,50.077
2024-01-01 00:17:39,50.077
2024-01-01 00:17:40,50.076
2024-01-01 00:17:41,50.076
2024-01-01 00:17:42,50.075
2024-01-01 00:17:43,50.075
2024-01-01 00:17:44,50.079
2024-01-01 00:17:45,50.078
2024-01-01 00:17:46,50.077
2024-01-01 00:17:47,50.078
2024-01-01 00:17:48,50.078
2024-01-01 00:17:49,50.078
2024-01-01 00:17:50,50.076
2024-01-01 00:17:51,50.077
2024-01-01 00:17:52,50.077
2024-01-01 00:17:53,50.077
2024-01-01 00:17:54,50.077
2024-01-01 00:17:55,50.076
2024-01-01 00:17:56,50.08
2024-01-01 00:17:57,50.079
2024-01-01 00:17:58,50.081
2024-01-01 00:17:59,50.081
2024-01-01 00:18:00,50.081
2024-01-01 00:18:01,50.082
2024-01-01 00:18:02,50.081
2024-01-01 00:18:03,50.083
2024-01-01 00:18:04,50.083
2024-01-01 00:18:05,50.084
2024-01-01 00:18:06,50.083
2024-01-01 00:18:07,50.084
2024-01-01 00:18:08,50.084
2024-01-01 00:18:09,50.082
2024-01-01 00:18:10,50.083
2024-01-01 00:18:11,50.085
2024-01-01 00:18:12,50.086
2024-01-01 00:18:13,50.083
2024-01-01 00:18:14,50.081
2024-01-01 00:18:15,50.082
2024-01-01 00:18:16,50.081
2024-01-01 00:18:17,50.081
2024-01-01 00:18:18,50.084
2024-01-01 00:18:19,50.088
2024-01-01 00:18:20,50.093
2024-01-01 00:18:21,50.093
2024-01-01 00:18:22,50.094
2024-01-01 00:18:23,50.096
2024-01-01 00:18:24,50.093
2024-01-01 00:18:25,50.091
2024-01-01 00:18:26,50.092
2024-01-01 00:18:27,50.097
2024-01-01 00:18:28,50.101
2024-01-01 00:18:29,50.102
2024-01-01 00:18:30,50.104
2024-01-01 00:18:31,50.105
2024-01-01 00:18:32,50.103
2024-01-01 00:18:33,50.1
2024-01-01 00:18:34,50.102
2024-01-01 00:18:35,50.103
2024-01-01 00:18:36,50.104
2024-01-01 00:18:37,50.104
2024-01-01 00:18:38,50.104
2024-01-01 00:18:39,50.102
2024-01-01 00:18:40,50.098
2024-01-01 00:18:41,50.098
2024-01-01 00:18:42,50.1
2024-01-01 00:18:43,50.102
2024-01-01 00:18:44,50.105
2024-01-01 00:18:45,50.106
2024-01-01 00:18:46,50.107
2024-01-01 00:18:47,50.107
2024-01-01 00:18:48,50.103
2024-01-01 00:18:49,50.102
2024-01-01 00:18:50,50.106
2024-01-01 00:18:51,50.109
2024-01-01 00:18:52,50.114
2024-01-01 00:18:53,50.115
2024-01-01 00:18:54,50.115
2024-01-01 00:18:55,50.112
2024-01-01 00:18:56,50.111
2024-01-01 00:18:57,50.112
2024-01-01 00:18:58,50.113
2024-01-01 00:18:59,50.112
2024-01-01 00:19:00,50.111
2024-01-01 00:19:01,50.108
2024-01-01 00:19:02,50.106
2024-01-01 00:19:03,50.108
2024-01-01 00:19:04,50.107
2024-01-01 00:19:05,50.108
2024-01-01 00:19:06,50.11
2024-01-01 00:19:07,50.108
2024-01-01 00:19:08,50.108
2024-01-01 00:19:09,50.11
2024-01-01 00:19:10,50.113
2024-01-01 00:19:11,50.11
2024-01-01 00:19:12,50.109
2024-01-01 00:19:13,50.109
2024-01-01 00:19:14,50.11
2024-01-01 00:19:15,50.109
2024-01-01 00:19:16,50.108
2024-01-01 00:19:17,50.109
2024-01-01 00:19:18,50.107
2024-01-01 00:19:19,50.103
2024-01-01 00:19:20,50.102
2024-01-01 00:19:21,50.101
2024-01-01 00:19:22,50.101
2024-01-01 00:19:23,50.1
2024-01-01 00:19:24,50.101
2024-01-01 00:19:25,50.102
2024-01-01 00:19:26,50.103
2024-01-01 00:19:27,50.105
2024-01-01 00:19:28,50.106
2024-01-01 00:19:29,50.108
2024-01-01 00:19:30,50.11
2024-01-01 00:19:31,50.108
2024-01-01 00:19:32,50.109
2024-01-01 00:19:33,50.108
2024-01-01 00:19:34,50.106
2024-01-01 00:19:35,50.107
2024-01-01 00:19:36,50.107
2024-01-01 00:19:37,50.109
2024-01-01 00:19:38,50.105
2024-01-01 00:19:39,50.105
2024-01-01 00:19:40,50.106
2024-01-01 00:19:41,50.106
2024-01-01 00:19:42,50.104
2024-01-01 00:19:43,50.101
2024-01-01 00:19:44,50.095
2024-01-01 00:19:45,50.086
2024-01-01 00:19:46,50.077
2024-01-01 00:19:47,50.07
2024-01-01 00:19:48,50.066
2024-01-01 00:19:49,50.062
2024-01-01 00:19:50,50.057
2024-01-01 00:19:51,50.055
2024-01-01 00:19:52,50.053
2024-01-01 00:19:53,50.053
2024-01-01 00:19:54,50.05
2024-01-01 00:19:55,50.047
2024-01-01 00:19:56,50.046
2024-01-01 00:19:57,50.046
2024-01-01 00:19:58,50.044
2024-01-01 00:19:59,50.044
2024-01-01 00:20:00,50.044
2024-01-01 00:20:01,50.04
2024-01-01 00:20:02,50.038
2024-01-01 00:20:03,50.038
2024-01-01 00:20:04,50.04
2024-01-01 00:20:05,50.039
2024-01-01 00:20:06,50.04
2024-01-01 00:20:07,50.04
2024-01-01 00:20:08,50.04
2024-01-01 00:20:09,50.039
2024-01-01 00:20:10,50.039
2024-01-01 00:20:11,50.042
2024-01-01 00:20:12,50.044
2024-01-01 00:20:13,50.044
2024-01-01 00:20:14,50.046
2024-01-01 00:20:15,50.049
2024-01-01 00:20:16,50.052
2024-01-01 00:20:17,50.051
2024-01-01 00:20:18,50.053
2024-01-01 00:20:19,50.055
2024-01-01 00:20:20,50.054
2024-01-01 00:20:21,50.053
2024-01-01 00:20:22,50.053
2024-01-01 00:20:23,50.054
2024-01-01 00:20:24,50.055
2024-01-01 00:20:25,50.052
2024-01-01 00:20:26,50.051
2024-01-01 00:20:27,50.049
2024-01-01 00:20:28,50.046
2024-01-01 00:20:29,50.042
2024-01-01 00:20:30,50.044
2024-01-01 00:20:31,50.046
2024-01-01 00:20:32,50.05
2024-01-01 00:20:33,50.05
2024-01-01 00:20:34,50.054
2024-01-01 00:20:35,50.055
2024-01-01 00:20:36,50.057
2024-01-01 00:20:37,50.056
2024-01-01 00:20:38,50.056
2024-01-01 00:20:39,50.055
2024-01-01 00:20:40,50.048
2024-01-01 00:20:41,50.045
2024-01-01 00:20:42,50.045
2024-01-01 00:20:43,50.044
2024-01-01 00:20:44,50.043
2024-01-01 00:20:45,50.043
2024-01-01 00:20:46,50.045
2024-01-01 00:20:47,50.046
2024-01-01 00:20:48,50.046
2024-01-01 00:20:49,50.046
2024-01-01 00:20:50,50.045
2024-01-01 00:20:51,50.043
2024-01-01 00:20:52,50.04
2024-01-01 00:20:53,50.039
2024-01-01 00:20:54,50.041
2024-01-01 00:20:55,50.042
2024-01-01 00:20:56,50.044
2024-01-01 00:20:57,50.047
2024-01-01 00:20:58,50.047
2024-01-01 00:20:59,50.047
2024-01-01 00:21:00,50.047
2024-01-01 00:21:01,50.045
2024-01-01 00:21:02,50.044
2024-01-01 00:21:03,50.041